Timestamp,Latitude,Longitude
2025-03-05 16:48:01,49.1836,-123.1489
2025-03-05 16:48:15,49.1819,-123.132
2025-03-05 16:48:56,49.1769,-123.073
2025-03-05 16:49:23,49.1726,-123.0251
2025-03-05 16:49:42,49.1694,-122.991
2025-03-05 16:50:01,49.1662,-122.9564
2025-03-05 16:50:20,49.1627,-122.9198
2025-03-05 16:50:40,49.1589,-122.8824
2025-03-05 16:51:00,49.1549,-122.8437
2025-03-05 16:51:21,49.1506,-122.8028
2025-03-05 16:51:42,49.1463,-122.7614
2025-03-05 16:52:32,49.1348,-122.6524
2025-03-05 16:53:27,49.1196,-122.5104
2025-03-05 16:54:05,49.108,-122.4029
2025-03-05 16:54:34,49.0991,-122.3192
2025-03-05 16:55:04,49.0897,-122.2303
2025-03-05 16:55:36,49.08,-122.1336
2025-03-05 16:56:10,49.0692,-122.0285
2025-03-05 16:56:43,49.0584,-121.9258
2025-03-05 16:57:20,49.0463,-121.8081
2025-03-05 16:57:56,49.0345,-121.6908
2025-03-05 16:58:34,49.0223,-121.5671
2025-03-05 16:59:07,49.0112,-121.4542
2025-03-05 16:59:18,49.0076,-121.4174
2025-03-05 16:59:25,49.006,-121.397
2025-03-05 16:59:28,49.0054,-121.3841
2025-03-05 16:59:32,49.005,-121.3709
2025-03-05 16:59:37,49.005,-121.3559
2025-03-05 16:59:43,49.0055,-121.3355
2025-03-05 16:59:52,49.0069,-121.3041
2025-03-05 17:00:17,49.0123,-121.2188
2025-03-05 17:01:08,49.0242,-121.0443
2025-03-05 17:02:01,49.0344,-120.861
2025-03-05 17:02:11,49.0359,-120.8283
2025-03-05 17:02:24,49.0382,-120.7841
2025-03-05 17:02:30,49.0396,-120.7645
2025-03-05 17:02:45,49.0438,-120.7155
2025-03-05 17:03:00,49.0493,-120.6645
2025-03-05 17:05:08,49.1082,-120.2278
2025-03-05 17:05:26,49.1162,-120.1682
2025-03-05 17:06:04,49.1337,-120.0358
2025-03-05 17:06:47,49.1536,-119.8835
2025-03-05 17:07:44,49.1801,-119.6776
2025-03-05 17:08:15,49.1946,-119.5659
2025-03-05 17:09:08,49.2184,-119.3769
2025-03-05 17:10:16,49.249,-119.131
2025-03-05 17:11:22,49.2778,-118.8956
2025-03-05 17:12:01,49.2949,-118.7531
2025-03-05 17:12:02,49.2953,-118.7494
2025-03-05 17:12:04,49.2961,-118.7425
2025-03-05 17:12:52,49.3169,-118.5679
2025-03-05 17:12:53,49.3175,-118.5632
2025-03-05 17:12:55,49.3183,-118.5562
2025-03-05 17:13:07,49.3234,-118.5128
2025-03-05 17:13:08,49.3238,-118.5092
2025-03-05 17:13:12,49.3255,-118.495
2025-03-05 17:13:14,49.3264,-118.4878
2025-03-05 17:13:15,49.3268,-118.4844
2025-03-05 17:13:22,49.3296,-118.4601
2025-03-05 17:13:23,49.3302,-118.4547
2025-03-05 17:13:25,49.3308,-118.4495
2025-03-05 17:13:26,49.3314,-118.4445
2025-03-05 17:13:29,49.3328,-118.4321
2025-03-05 17:13:45,49.3395,-118.3762
2025-03-05 17:13:46,49.3401,-118.3708
2025-03-05 17:13:48,49.3409,-118.3635
2025-03-05 17:13:51,49.3421,-118.3534
2025-03-05 17:13:53,49.3428,-118.348
2025-03-05 17:13:54,49.3435,-118.3418
2025-03-05 17:13:55,49.3438,-118.3386
2025-03-05 17:14:21,49.3547,-118.2445
2025-03-05 17:14:22,49.3551,-118.2413
2025-03-05 17:14:24,49.356,-118.2334
2025-03-05 17:14:49,49.3664,-118.1433
2025-03-05 17:14:50,49.3666,-118.1418
2025-03-05 17:14:52,49.3676,-118.1328
2025-03-05 17:15:00,49.3708,-118.1048
2025-03-05 17:15:01,49.3712,-118.1011
2025-03-05 17:15:03,49.3719,-118.0954
2025-03-05 17:15:04,49.3725,-118.09
2025-03-05 17:15:12,49.3759,-118.0604
2025-03-05 17:15:32,49.3841,-117.9881
2025-03-05 17:15:41,49.3877,-117.9556
2025-03-05 17:16:07,49.398,-117.8634
2025-03-05 17:16:08,49.3986,-117.858
2025-03-05 17:16:09,49.3988,-117.8562
2025-03-05 17:16:23,49.4045,-117.8045
2025-03-05 17:16:26,49.4058,-117.7937
2025-03-05 17:16:28,49.4065,-117.7869
2025-03-05 17:16:29,49.4068,-117.784
2025-03-05 17:16:42,49.4122,-117.7353
2025-03-05 17:16:43,49.4127,-117.7313
2025-03-05 17:16:47,49.4142,-117.7176
2025-03-05 17:16:55,49.4172,-117.6898
2025-03-05 17:16:58,49.4186,-117.6779
2025-03-05 17:17:00,49.4193,-117.6708
2025-03-05 17:17:01,49.4195,-117.6693
2025-03-05 17:17:05,49.4213,-117.6527
2025-03-05 17:17:06,49.4217,-117.6491
2025-03-05 17:17:08,49.4223,-117.6437
2025-03-05 17:17:18,49.4263,-117.6076
2025-03-05 17:17:19,49.4267,-117.604
2025-03-05 17:17:24,49.4289,-117.5838
2025-03-05 17:17:25,49.4291,-117.582
2025-03-05 17:17:26,49.4295,-117.578
2025-03-05 17:17:33,49.4324,-117.5516
2025-03-05 17:17:34,49.4328,-117.5476
2025-03-05 17:17:35,49.433,-117.5454
2025-03-05 17:17:39,49.4346,-117.5313
2025-03-05 17:17:48,49.4382,-117.4977
2025-03-05 17:17:50,49.439,-117.4905
2025-03-05 17:17:56,49.4413,-117.4691
2025-03-05 17:17:57,49.4418,-117.4644
2025-03-05 17:18:04,49.4446,-117.4395
2025-03-05 17:18:05,49.4449,-117.4362
2025-03-05 17:18:11,49.4472,-117.4149
2025-03-05 17:18:12,49.4476,-117.4113
2025-03-05 17:18:14,49.4482,-117.4058
2025-03-05 17:18:19,49.4504,-117.3853
2025-03-05 17:18:20,49.4507,-117.3823
2025-03-05 17:18:21,49.4511,-117.3784
2025-03-05 17:18:33,49.4557,-117.3361
2025-03-05 17:18:35,49.4567,-117.327
2025-03-05 17:18:36,49.457,-117.3238
2025-03-05 17:18:49,49.4619,-117.2777
2025-03-05 17:19:21,49.4743,-117.1605
2025-03-05 17:19:22,49.4746,-117.1576
2025-03-05 17:19:24,49.4754,-117.1503
2025-03-05 17:19:25,49.4758,-117.1467
2025-03-05 17:19:27,49.4764,-117.1408
2025-03-05 17:19:28,49.4769,-117.1354
2025-03-05 17:19:29,49.4773,-117.1317
2025-03-05 17:19:53,49.4866,-117.0432
2025-03-05 17:20:10,49.4928,-116.9841
2025-03-05 17:20:11,49.4933,-116.979
2025-03-05 17:20:15,49.4947,-116.9649
2025-03-05 17:20:16,49.4949,-116.963
2025-03-05 17:20:22,49.4974,-116.9391
2025-03-05 17:20:23,49.4978,-116.9358
2025-03-05 17:20:25,49.4985,-116.9282
2025-03-05 17:20:26,49.4989,-116.9245
2025-03-05 17:20:34,49.5018,-116.8962
2025-03-05 17:20:35,49.5023,-116.8912
2025-03-05 17:20:39,49.5036,-116.8785
2025-03-05 17:20:43,49.5052,-116.8629
2025-03-05 17:20:48,49.507,-116.8455
2025-03-05 17:20:54,49.5092,-116.8241
2025-03-05 17:20:56,49.5102,-116.815
2025-03-05 17:20:57,49.5104,-116.8129
2025-03-05 17:21:19,49.5185,-116.7335
2025-03-05 17:21:24,49.5204,-116.715
2025-03-05 17:21:25,49.5208,-116.7114
2025-03-05 17:21:28,49.522,-116.6991
2025-03-05 17:21:29,49.5224,-116.6954
2025-03-05 17:21:30,49.5226,-116.6933
2025-03-05 17:21:31,49.5229,-116.69
2025-03-05 17:21:32,49.5235,-116.6846
2025-03-05 17:21:34,49.5242,-116.6773
2025-03-05 17:21:35,49.5246,-116.674
2025-03-05 17:21:36,49.5248,-116.6718
2025-03-05 17:21:37,49.5253,-116.6664
2025-03-05 17:21:38,49.5255,-116.6646
2025-03-05 17:21:39,49.526,-116.6591
2025-03-05 17:21:46,49.5285,-116.6348
2025-03-05 17:21:50,49.53,-116.6196
2025-03-05 17:21:52,49.5305,-116.6141
2025-03-05 17:21:53,49.5309,-116.6104
2025-03-05 17:21:55,49.5316,-116.6028
2025-03-05 17:21:56,49.5322,-116.5978
2025-03-05 17:22:00,49.5336,-116.5828
2025-03-05 17:22:01,49.534,-116.5792
2025-03-05 17:22:04,49.5351,-116.5683
2025-03-05 17:22:06,49.5358,-116.5614
2025-03-05 17:22:07,49.5362,-116.5578
2025-03-05 17:22:08,49.5365,-116.5545
2025-03-05 17:22:09,49.5369,-116.5508
2025-03-05 17:22:10,49.5373,-116.5469
2025-03-05 17:22:11,49.5376,-116.5433
2025-03-05 17:22:12,49.538,-116.5396
2025-03-05 17:22:16,49.5394,-116.5258
2025-03-05 17:22:17,49.5397,-116.5225
2025-03-05 17:22:19,49.5405,-116.5152
2025-03-05 17:22:20,49.5409,-116.5112
2025-03-05 17:22:22,49.5416,-116.5039
2025-03-05 17:22:24,49.5424,-116.4956
2025-03-05 17:22:26,49.5431,-116.4887
2025-03-05 17:22:28,49.5437,-116.4825
2025-03-05 17:22:33,49.5455,-116.4643
2025-03-05 17:22:34,49.5459,-116.4603
2025-03-05 17:22:43,49.5492,-116.4272
2025-03-05 17:22:45,49.5498,-116.4214
2025-03-05 17:22:46,49.5503,-116.4159
2025-03-05 17:22:49,49.5514,-116.4053
2025-03-05 17:22:50,49.5517,-116.4014
2025-03-05 17:22:51,49.5521,-116.3981
2025-03-05 17:22:52,49.5523,-116.3952
2025-03-05 17:22:54,49.5531,-116.3883
2025-03-05 17:22:55,49.5534,-116.3843
2025-03-05 17:22:56,49.5539,-116.3795
2025-03-05 17:23:06,49.5575,-116.3435
2025-03-05 17:23:09,49.5584,-116.3337
2025-03-05 17:23:10,49.559,-116.3283
2025-03-05 17:23:13,49.5599,-116.3181
2025-03-05 17:23:14,49.5602,-116.3149
2025-03-05 17:23:16,49.561,-116.3068
2025-03-05 17:23:17,49.5614,-116.3036
2025-03-05 17:23:18,49.5616,-116.3014
2025-03-05 17:23:19,49.5621,-116.2956
2025-03-05 17:23:21,49.5628,-116.289
2025-03-05 17:23:22,49.5632,-116.2847
2025-03-05 17:23:23,49.5635,-116.2815
2025-03-05 17:23:24,49.5637,-116.2792
2025-03-05 17:23:25,49.5643,-116.2738
2025-03-05 17:23:26,49.5646,-116.2698
2025-03-05 17:23:27,49.565,-116.2666
2025-03-05 17:23:28,49.5653,-116.263
2025-03-05 17:23:39,49.5691,-116.2241
2025-03-05 17:23:40,49.5694,-116.2205
2025-03-05 17:23:41,49.5698,-116.2166
2025-03-05 17:23:43,49.5705,-116.2097
2025-03-05 17:23:47,49.5719,-116.1956
2025-03-05 17:23:48,49.5722,-116.1919
2025-03-05 17:23:49,49.5727,-116.1872
2025-03-05 17:23:50,49.5729,-116.1854
2025-03-05 17:23:51,49.5734,-116.18
2025-03-05 17:23:52,49.5737,-116.1767
2025-03-05 17:23:53,49.5739,-116.1746
2025-03-05 17:23:54,49.5744,-116.1695
2025-03-05 17:23:55,49.5747,-116.1659
2025-03-05 17:23:59,49.5762,-116.1511
2025-03-05 17:24:00,49.5766,-116.1471
2025-03-05 17:24:04,49.578,-116.1322
2025-03-05 17:24:05,49.5781,-116.1304
2025-03-05 17:24:06,49.5784,-116.1275
2025-03-05 17:24:07,49.5788,-116.1235
2025-03-05 17:24:19,49.583,-116.0794
2025-03-05 17:24:21,49.5837,-116.0721
2025-03-05 17:24:22,49.584,-116.0685
2025-03-05 17:24:25,49.5851,-116.0581
2025-03-05 17:24:34,49.5881,-116.0262
2025-03-05 17:24:35,49.5886,-116.0208
2025-03-05 17:24:40,49.5903,-116.0033
2025-03-05 17:24:41,49.5906,-115.9997
2025-03-05 17:24:49,49.5934,-115.9707
2025-03-05 17:24:50,49.5938,-115.9666
2025-03-05 17:25:04,49.5985,-115.9167
2025-03-05 17:25:05,49.599,-115.9113
2025-03-05 17:25:19,49.6036,-115.8612
2025-03-05 17:25:20,49.6039,-115.858
2025-03-05 17:25:25,49.6057,-115.8393
2025-03-05 17:25:26,49.606,-115.836
2025-03-05 17:25:37,49.6099,-115.7945
2025-03-05 17:25:38,49.6102,-115.7905
2025-03-05 17:25:42,49.6116,-115.7759
2025-03-05 17:25:44,49.6121,-115.7703
2025-03-05 17:25:45,49.6126,-115.7652
2025-03-05 17:25:49,49.6139,-115.7508
2025-03-05 17:25:50,49.6142,-115.7475
2025-03-05 17:25:51,49.6145,-115.7442
2025-03-05 17:25:57,49.6166,-115.7212
2025-03-05 17:25:58,49.6169,-115.7178
2025-03-05 17:25:59,49.6172,-115.7145
2025-03-05 17:26:00,49.6177,-115.7097
2025-03-05 17:26:03,49.6186,-115.6995
2025-03-05 17:26:09,49.6206,-115.6778
2025-03-05 17:26:12,49.6217,-115.6661
2025-03-05 17:26:23,49.6254,-115.6254
2025-03-05 17:26:24,49.6257,-115.6224
2025-03-05 17:26:27,49.6266,-115.6118
2025-03-05 17:26:34,49.6289,-115.5865
2025-03-05 17:26:35,49.6292,-115.5829
2025-03-05 17:26:36,49.6296,-115.5788
2025-03-05 17:26:41,49.6314,-115.559
2025-03-05 17:26:42,49.6317,-115.5557
2025-03-05 17:26:43,49.6319,-115.5539
2025-03-05 17:26:47,49.6334,-115.5374
2025-03-05 17:26:54,49.6357,-115.5125
2025-03-05 17:26:57,49.6366,-115.5015
2025-03-05 17:26:58,49.637,-115.4979
2025-03-05 17:26:59,49.6373,-115.4946
2025-03-05 17:27:00,49.6376,-115.4909
2025-03-05 17:27:01,49.6379,-115.488
2025-03-05 17:27:07,49.64,-115.4646
2025-03-05 17:27:08,49.6404,-115.4609
2025-03-05 17:27:10,49.641,-115.4532
2025-03-05 17:27:11,49.6414,-115.45
2025-03-05 17:27:13,49.642,-115.4423
2025-03-05 17:27:14,49.6424,-115.4386
2025-03-05 17:27:15,49.6426,-115.4353
2025-03-05 17:27:16,49.643,-115.4317
2025-03-05 17:27:17,49.6433,-115.4284
2025-03-05 17:27:20,49.6442,-115.4177
2025-03-05 17:27:21,49.6446,-115.4141
2025-03-05 17:27:23,49.6454,-115.4054
2025-03-05 17:27:29,49.6473,-115.3845
2025-03-05 17:27:43,49.6518,-115.333
2025-03-05 17:27:44,49.6522,-115.3296
2025-03-05 17:27:54,49.6554,-115.293
2025-03-05 17:27:55,49.6557,-115.289
2025-03-05 17:27:58,49.6568,-115.2776
2025-03-05 17:27:59,49.657,-115.2743
2025-03-05 17:28:10,49.6607,-115.2332
2025-03-05 17:28:11,49.6609,-115.231
2025-03-05 17:28:20,49.6638,-115.1973
2025-03-05 17:28:21,49.6642,-115.1936
2025-03-05 17:28:26,49.6658,-115.1752
2025-03-05 17:28:29,49.6667,-115.165
2025-03-05 17:28:31,49.6673,-115.1577
2025-03-05 17:28:32,49.6676,-115.154
2025-03-05 17:28:36,49.6688,-115.14
2025-03-05 17:28:37,49.6691,-115.1364
2025-03-05 17:28:40,49.6701,-115.1251
2025-03-05 17:28:42,49.6709,-115.1162
2025-03-05 17:28:43,49.6712,-115.1122
2025-03-05 17:28:46,49.6721,-115.102
2025-03-05 17:28:47,49.6724,-115.0983
2025-03-05 17:29:08,49.6791,-115.0217
2025-03-05 17:29:09,49.6793,-115.0185
2025-03-05 17:29:11,49.68,-115.0108
2025-03-05 17:29:13,49.6805,-115.005
2025-03-05 17:29:14,49.681,-114.9999
2025-03-05 17:29:16,49.6816,-114.9926
2025-03-05 17:29:19,49.6825,-114.9824
2025-03-05 17:29:21,49.6831,-114.9755
2025-03-05 17:29:23,49.6839,-114.9667
2025-03-05 17:29:28,49.6854,-114.9485
2025-03-05 17:29:30,49.6859,-114.9431
2025-03-05 17:29:43,49.6899,-114.8957
2025-03-05 17:29:44,49.6904,-114.8899
2025-03-05 17:29:46,49.6909,-114.8844
2025-03-05 17:29:47,49.6912,-114.8804
2025-03-05 17:30:08,49.6977,-114.8042
2025-03-05 17:30:09,49.6981,-114.7991
2025-03-05 17:30:10,49.6983,-114.7976
2025-03-05 17:30:11,49.6988,-114.7918
2025-03-05 17:30:15,49.7,-114.7768
2025-03-05 17:30:17,49.7006,-114.7699
2025-03-05 17:30:18,49.7008,-114.7676
2025-03-05 17:30:19,49.7011,-114.7636
2025-03-05 17:30:22,49.7021,-114.7527
2025-03-05 17:30:23,49.7024,-114.7483
2025-03-05 17:30:24,49.7027,-114.745
2025-03-05 17:30:26,49.7032,-114.7384
2025-03-05 17:30:34,49.7058,-114.708
2025-03-05 17:30:35,49.7059,-114.7059
2025-03-05 17:30:39,49.7071,-114.6912
2025-03-05 17:30:40,49.7075,-114.6876
2025-03-05 17:30:45,49.709,-114.6682
2025-03-05 17:30:56,49.7124,-114.6272
2025-03-05 17:30:57,49.7128,-114.6235
2025-03-05 17:31:00,49.7136,-114.6129
2025-03-05 17:31:03,49.7145,-114.6019
2025-03-05 17:31:05,49.7151,-114.5953
2025-03-05 17:31:06,49.7154,-114.5913
2025-03-05 17:31:07,49.7157,-114.5879
2025-03-05 17:31:16,49.7183,-114.5553
2025-03-05 17:31:17,49.7187,-114.5512
2025-03-05 17:31:21,49.7199,-114.5362
2025-03-05 17:31:22,49.7202,-114.5325
2025-03-05 17:31:24,49.7208,-114.5251
2025-03-05 17:31:25,49.7211,-114.5211
2025-03-05 17:31:29,49.7223,-114.506
2025-03-05 17:31:30,49.7225,-114.5041
2025-03-05 17:31:32,49.7231,-114.496
2025-03-05 17:31:33,49.7235,-114.492
2025-03-05 17:31:36,49.7244,-114.481
2025-03-05 17:31:37,49.7246,-114.4777
2025-03-05 17:31:44,49.7267,-114.4519
2025-03-05 17:31:45,49.7271,-114.4475
2025-03-05 17:31:47,49.7276,-114.4401
2025-03-05 17:31:48,49.728,-114.4364
2025-03-05 17:31:51,49.7289,-114.4246
2025-03-05 17:31:52,49.7292,-114.4213
2025-03-05 17:31:58,49.7308,-114.4007
2025-03-05 17:31:59,49.7312,-114.3955
2025-03-05 17:32:06,49.7333,-114.3701
2025-03-05 17:32:07,49.7335,-114.3679
2025-03-05 17:32:08,49.7339,-114.3623
2025-03-05 17:32:17,49.7365,-114.3299
2025-03-05 17:32:18,49.7367,-114.3266
2025-03-05 17:32:19,49.737,-114.3229
2025-03-05 17:32:26,49.7391,-114.2964
2025-03-05 17:32:27,49.7394,-114.2927
2025-03-05 17:32:43,49.744,-114.2349
2025-03-05 17:32:44,49.7443,-114.2309
2025-03-05 17:32:45,49.7447,-114.2257
2025-03-05 17:32:56,49.7478,-114.1863
2025-03-05 17:32:57,49.7482,-114.1819
2025-03-05 17:32:59,49.7487,-114.1745
2025-03-05 17:33:01,49.7493,-114.1675
2025-03-05 17:33:09,49.7515,-114.1388
2025-03-05 17:33:11,49.7521,-114.1314
2025-03-05 17:33:12,49.7525,-114.1274
2025-03-05 17:33:14,49.7531,-114.1196
2025-03-05 17:33:15,49.7534,-114.1159
2025-03-05 17:33:16,49.7536,-114.1123
2025-03-05 17:33:17,49.7539,-114.109
2025-03-05 17:33:18,49.7542,-114.1057
2025-03-05 17:33:19,49.7545,-114.1013
2025-03-05 17:33:31,49.758,-114.0574
2025-03-05 17:33:32,49.7582,-114.0537
2025-03-05 17:33:44,49.7616,-114.0104
2025-03-05 17:33:48,49.7629,-113.9941
2025-03-05 17:33:49,49.7632,-113.9901
2025-03-05 17:33:51,49.7637,-113.9834
2025-03-05 17:33:55,49.7648,-113.9693
2025-03-05 17:33:56,49.7651,-113.9656
2025-03-05 17:34:25,49.7733,-113.8561
2025-03-05 17:34:54,49.7815,-113.7484
2025-03-05 17:35:11,49.7861,-113.6855
2025-03-05 17:35:12,49.7864,-113.6821
2025-03-05 17:35:14,49.787,-113.6744
2025-03-05 17:35:16,49.7875,-113.6673
2025-03-05 17:35:17,49.7878,-113.6636
2025-03-05 17:35:18,49.7881,-113.6595
2025-03-05 17:35:19,49.7883,-113.6558
2025-03-05 17:35:21,49.7889,-113.6484
2025-03-05 17:35:23,49.7894,-113.6413
2025-03-05 17:35:27,49.7906,-113.6257
2025-03-05 17:35:29,49.7911,-113.6187
2025-03-05 17:35:31,49.7915,-113.6123
2025-03-05 17:35:46,49.7957,-113.557
2025-03-05 17:35:47,49.796,-113.5525
2025-03-05 17:35:48,49.7963,-113.5485
2025-03-05 17:36:03,49.8002,-113.4953
2025-03-05 17:36:18,49.8044,-113.4369
2025-03-05 17:36:19,49.8046,-113.4335
2025-03-05 17:36:21,49.8051,-113.4261
2025-03-05 17:36:24,49.806,-113.415
2025-03-05 17:36:32,49.808,-113.3871
2025-03-05 17:36:35,49.8089,-113.3737
2025-03-05 17:36:46,49.8118,-113.3343
2025-03-05 17:36:47,49.8121,-113.3302
2025-03-05 17:36:52,49.8133,-113.3128
2025-03-05 17:36:53,49.8137,-113.3068
2025-03-05 17:36:54,49.8139,-113.3039
2025-03-05 17:37:12,49.8186,-113.2375
2025-03-05 17:37:13,49.8188,-113.2333
2025-03-05 17:37:15,49.8195,-113.2245
2025-03-05 17:37:16,49.8196,-113.2226
2025-03-05 17:37:21,49.8209,-113.2041
2025-03-05 17:37:45,49.8272,-113.1137
2025-03-05 17:37:46,49.8275,-113.1096
2025-03-05 17:38:24,49.8371,-112.9683
2025-03-05 17:38:26,49.8376,-112.9612
2025-03-05 17:38:29,49.8384,-112.95
2025-03-05 17:38:30,49.8387,-112.9459
2025-03-05 17:38:32,49.8392,-112.9388
2025-03-05 17:38:48,49.8432,-112.879
2025-03-05 17:38:49,49.8435,-112.8737
2025-03-05 17:38:58,49.8457,-112.8408
2025-03-05 17:38:59,49.846,-112.8367
2025-03-05 17:39:05,49.8474,-112.8143
2025-03-05 17:39:07,49.8479,-112.8075
2025-03-05 17:39:08,49.8481,-112.8041
2025-03-05 17:39:30,49.8537,-112.7207
2025-03-05 17:39:31,49.8539,-112.7178
2025-03-05 17:39:33,49.8543,-112.7107
2025-03-05 17:39:35,49.8549,-112.702
2025-03-05 17:39:36,49.8551,-112.6986
2025-03-05 17:39:38,49.8556,-112.6911
2025-03-05 17:39:40,49.856,-112.686
2025-03-05 17:39:43,49.8569,-112.6717
2025-03-05 17:39:44,49.857,-112.6695
2025-03-05 17:39:48,49.858,-112.6545
2025-03-05 17:39:56,49.8601,-112.623
2025-03-05 17:39:57,49.8603,-112.6196
2025-03-05 17:40:07,49.8627,-112.582
2025-03-05 17:40:08,49.8629,-112.5787
2025-03-05 17:40:12,49.8639,-112.5644
2025-03-05 17:40:19,49.8657,-112.5366
2025-03-05 17:40:20,49.8659,-112.5328
2025-03-05 17:40:21,49.8661,-112.5294
2025-03-05 17:40:31,49.8685,-112.4918
2025-03-05 17:40:32,49.8688,-112.4879
2025-03-05 17:40:44,49.8717,-112.4423
2025-03-05 17:40:45,49.8719,-112.4389
2025-03-05 17:40:50,49.873,-112.4208
2025-03-05 17:40:52,49.8735,-112.4129
2025-03-05 17:40:53,49.8737,-112.4091
2025-03-05 17:40:54,49.874,-112.405
2025-03-05 17:41:04,49.8762,-112.3699
2025-03-05 17:41:06,49.8768,-112.3601
2025-03-05 17:41:07,49.8771,-112.3559
2025-03-05 17:41:08,49.8772,-112.3526
2025-03-05 17:41:09,49.8775,-112.3492
2025-03-05 17:41:10,49.8777,-112.345
2025-03-05 17:41:11,49.8778,-112.3428
2025-03-05 17:41:15,49.8789,-112.3262
2025-03-05 17:41:18,49.8796,-112.3145
2025-03-05 17:41:19,49.8798,-112.3108
2025-03-05 17:41:20,49.8801,-112.3066
2025-03-05 17:41:26,49.8814,-112.2841
2025-03-05 17:41:27,49.8817,-112.2803
2025-03-05 17:41:30,49.8823,-112.2702
2025-03-05 17:41:32,49.8828,-112.2619
2025-03-05 17:41:33,49.883,-112.2582
2025-03-05 17:41:35,49.8834,-112.2525
2025-03-05 17:41:36,49.8837,-112.2472
2025-03-05 17:41:40,49.8846,-112.2326
2025-03-05 17:41:41,49.8849,-112.2278
2025-03-05 17:41:43,49.8853,-112.2214
2025-03-05 17:41:44,49.8855,-112.2176
2025-03-05 17:41:49,49.8867,-112.1982
2025-03-05 17:41:50,49.8869,-112.1944
2025-03-05 17:41:52,49.8874,-112.1873
2025-03-05 17:41:55,49.8881,-112.1761
2025-03-05 17:41:56,49.8883,-112.1731
2025-03-05 17:41:57,49.8885,-112.169
2025-03-05 17:42:00,49.8891,-112.1589
2025-03-05 17:42:03,49.8899,-112.1462
2025-03-05 17:42:17,49.8931,-112.094
2025-03-05 17:42:36,49.8973,-112.024
2025-03-05 17:42:40,49.8982,-112.0087
2025-03-05 17:42:41,49.8985,-112.0046
2025-03-05 17:43:07,49.9042,-111.9076
2025-03-05 17:43:08,49.9045,-111.9036
2025-03-05 17:43:13,49.9055,-111.8856
2025-03-05 17:43:15,49.9059,-111.8789
2025-03-05 17:43:16,49.9063,-111.8737
2025-03-05 17:43:17,49.9064,-111.8703
2025-03-05 17:43:23,49.9077,-111.8475
2025-03-05 17:43:24,49.908,-111.8438
2025-03-05 17:43:27,49.9086,-111.833
2025-03-05 17:43:28,49.9087,-111.8307
2025-03-05 17:43:30,49.9092,-111.8217
2025-03-05 17:43:31,49.9094,-111.818
2025-03-05 17:43:33,49.9099,-111.8105
2025-03-05 17:43:34,49.9101,-111.8071
2025-03-05 17:43:36,49.9105,-111.7993
2025-03-05 17:43:37,49.9107,-111.7959
2025-03-05 17:43:38,49.9109,-111.7926
2025-03-05 17:43:39,49.9111,-111.7889
2025-03-05 17:43:46,49.9126,-111.7623
2025-03-05 17:43:47,49.9129,-111.7586
2025-03-05 17:43:50,49.9135,-111.7466
2025-03-05 17:43:51,49.9137,-111.7432
2025-03-05 17:43:52,49.914,-111.7391
2025-03-05 17:43:53,49.9141,-111.7373
2025-03-05 17:43:54,49.9144,-111.732
2025-03-05 17:44:02,49.9161,-111.7025
2025-03-05 17:44:03,49.9162,-111.6991
2025-03-05 17:44:06,49.9168,-111.6895
2025-03-05 17:44:07,49.9171,-111.6849
2025-03-05 17:44:08,49.9174,-111.6797
2025-03-05 17:44:09,49.9175,-111.676
2025-03-05 17:44:12,49.9182,-111.6647
2025-03-05 17:44:13,49.9184,-111.661
2025-03-05 17:44:14,49.9185,-111.6592
2025-03-05 17:44:15,49.9188,-111.6539
2025-03-05 17:44:19,49.9195,-111.6412
2025-03-05 17:44:39,49.9238,-111.5634
2025-03-05 17:44:41,49.9242,-111.5564
2025-03-05 17:44:42,49.9244,-111.5526
2025-03-05 17:44:45,49.9249,-111.5436
2025-03-05 17:44:46,49.9253,-111.5377
2025-03-05 17:44:50,49.9261,-111.523
2025-03-05 17:44:51,49.9264,-111.5178
2025-03-05 17:44:53,49.9267,-111.5122
2025-03-05 17:44:54,49.9269,-111.5085
2025-03-05 17:44:57,49.9275,-111.4972
2025-03-05 17:44:58,49.9277,-111.4931
2025-03-05 17:45:02,49.9285,-111.4789
2025-03-05 17:45:03,49.9287,-111.4748
2025-03-05 17:45:05,49.9291,-111.4673
2025-03-05 17:45:06,49.9293,-111.464
2025-03-05 17:45:07,49.9296,-111.459
2025-03-05 17:45:08,49.9297,-111.4557
2025-03-05 17:45:09,49.9299,-111.4524
2025-03-05 17:45:12,49.9306,-111.4396
2025-03-05 17:45:13,49.9308,-111.4377
2025-03-05 17:45:15,49.9312,-111.4303
2025-03-05 17:45:17,49.9316,-111.4224
2025-03-05 17:45:18,49.9318,-111.4187
2025-03-05 17:45:21,49.9324,-111.4066
2025-03-05 17:45:25,49.9332,-111.3925
2025-03-05 17:45:26,49.9335,-111.3884
2025-03-05 17:45:30,49.9342,-111.3738
2025-03-05 17:45:31,49.9344,-111.37
2025-03-05 17:45:36,49.9355,-111.3501
2025-03-05 17:45:37,49.9356,-111.3483
2025-03-05 17:45:45,49.9373,-111.3172
2025-03-05 17:45:46,49.9374,-111.3138
2025-03-05 17:45:48,49.9378,-111.3063
2025-03-05 17:45:49,49.938,-111.3018
2025-03-05 17:45:52,49.9386,-111.2913
2025-03-05 17:45:54,49.939,-111.2846
2025-03-05 17:45:55,49.9392,-111.2801
2025-03-05 17:45:56,49.9394,-111.2763
2025-03-05 17:46:09,49.942,-111.2276
2025-03-05 17:46:10,49.9422,-111.2234
2025-03-05 17:46:14,49.943,-111.2081
2025-03-05 17:46:15,49.9432,-111.204
2025-03-05 17:46:17,49.9435,-111.1987
2025-03-05 17:46:18,49.9437,-111.1946
2025-03-05 17:46:19,49.9439,-111.1905
2025-03-05 17:46:20,49.9441,-111.1871
2025-03-05 17:46:26,49.9453,-111.1642
2025-03-05 17:46:29,49.9458,-111.1541
2025-03-05 17:46:42,49.9483,-111.1057
2025-03-05 17:46:43,49.9486,-111.1001
2025-03-05 17:46:46,49.9491,-111.0899
2025-03-05 17:47:01,49.952,-111.0336
2025-03-05 17:47:02,49.9522,-111.0299
2025-03-05 17:47:04,49.9526,-111.0223
2025-03-05 17:47:20,49.9557,-110.9621
2025-03-05 17:47:21,49.9558,-110.9584
2025-03-05 17:47:28,49.9572,-110.9305
2025-03-05 17:47:31,49.9577,-110.9196
2025-03-05 17:47:32,49.9579,-110.9154
2025-03-05 17:47:33,49.9581,-110.9117
2025-03-05 17:47:34,49.9583,-110.9079
2025-03-05 17:47:36,49.9586,-110.9015
2025-03-05 17:47:37,49.9588,-110.8974
2025-03-05 17:47:38,49.959,-110.8936
2025-03-05 17:47:41,49.9596,-110.8819
2025-03-05 17:47:42,49.9599,-110.8767
2025-03-05 17:47:43,49.96,-110.8733
2025-03-05 17:47:44,49.9602,-110.8699
2025-03-05 17:47:45,49.9603,-110.868
2025-03-05 17:47:46,49.9606,-110.8624
2025-03-05 17:48:00,49.9632,-110.8088
2025-03-05 17:48:01,49.9633,-110.8054
2025-03-05 17:48:03,49.9637,-110.7979
2025-03-05 17:48:05,49.964,-110.7918
2025-03-05 17:48:06,49.9642,-110.7877
2025-03-05 17:48:07,49.9644,-110.7836
2025-03-05 17:48:08,49.9646,-110.7802
2025-03-05 17:48:19,49.9667,-110.738
2025-03-05 17:48:20,49.9668,-110.7346
2025-03-05 17:48:21,49.967,-110.7312
2025-03-05 17:48:23,49.9673,-110.724
2025-03-05 17:48:26,49.9679,-110.712
2025-03-05 17:48:42,49.9708,-110.652
2025-03-05 17:48:43,49.971,-110.6482
2025-03-05 17:48:46,49.9716,-110.6362
2025-03-05 17:48:47,49.9718,-110.6324
2025-03-05 17:48:52,49.9726,-110.6155
2025-03-05 17:48:53,49.9729,-110.6094
2025-03-05 17:48:58,49.9736,-110.5947
2025-03-05 17:48:59,49.974,-110.5872
2025-03-05 17:49:02,49.9745,-110.5758
2025-03-05 17:49:04,49.9749,-110.5683
2025-03-05 17:49:05,49.975,-110.5649
2025-03-05 17:49:06,49.9752,-110.5608
2025-03-05 17:49:09,49.9757,-110.5499
2025-03-05 17:49:10,49.9759,-110.546
2025-03-05 17:49:16,49.977,-110.5223
2025-03-05 17:49:18,49.9773,-110.5166
2025-03-05 17:49:19,49.9774,-110.5128
2025-03-05 17:49:21,49.9779,-110.5034
2025-03-05 17:49:24,49.9783,-110.4928
2025-03-05 17:49:27,49.9789,-110.4822
2025-03-05 17:49:44,49.9818,-110.4162
2025-03-05 17:49:46,49.9821,-110.4101
2025-03-05 17:49:49,49.9826,-110.3988
2025-03-05 17:49:50,49.9828,-110.3966
2025-03-05 17:49:52,49.9832,-110.3867
2025-03-05 17:49:53,49.9834,-110.383
2025-03-05 17:49:54,49.9835,-110.3795
2025-03-05 17:49:58,49.9841,-110.3655
2025-03-05 17:49:59,49.9843,-110.3618
2025-03-05 17:50:00,49.9846,-110.3557
2025-03-05 17:50:01,49.9847,-110.3538
2025-03-05 17:50:02,49.9849,-110.35
2025-03-05 17:50:08,49.9859,-110.3262
2025-03-05 17:50:09,49.9861,-110.322
2025-03-05 17:50:12,49.9866,-110.3107
2025-03-05 17:50:13,49.9868,-110.3066
2025-03-05 17:50:15,49.9871,-110.3001
2025-03-05 17:50:18,49.9877,-110.2876
2025-03-05 17:50:19,49.9878,-110.2839
2025-03-05 17:50:20,49.9879,-110.2824
2025-03-05 17:50:35,49.9905,-110.2232
2025-03-05 17:50:37,49.9907,-110.2168
2025-03-05 17:50:41,49.9914,-110.202
2025-03-05 17:50:42,49.9916,-110.1966
2025-03-05 17:50:46,49.9923,-110.1818
2025-03-05 17:50:47,49.9924,-110.1784
2025-03-05 17:50:54,49.9936,-110.1511
2025-03-05 17:50:55,49.9938,-110.1477
2025-03-05 17:50:56,49.9938,-110.1446
2025-03-05 17:50:58,49.9942,-110.1382
2025-03-05 17:51:03,49.995,-110.118
2025-03-05 17:51:12,49.9964,-110.0838
2025-03-05 17:51:13,49.9965,-110.08
2025-03-05 17:51:15,49.9969,-110.072
2025-03-05 17:51:19,49.9974,-110.0568
2025-03-05 17:51:20,49.9975,-110.053
2025-03-05 17:51:23,49.9978,-110.0424
2025-03-05 17:51:29,49.9984,-110.0191
2025-03-05 17:51:30,49.9985,-110.0153
2025-03-05 17:51:31,49.9985,-110.0114
2025-03-05 17:51:33,49.9987,-110.0039
2025-03-05 17:51:34,49.9987,-110.0004
2025-03-05 17:51:50,49.9993,-109.9397
2025-03-05 17:51:51,49.9993,-109.9351
2025-03-05 17:51:52,49.9993,-109.9317
2025-03-05 17:51:53,49.9993,-109.9264
2025-03-05 17:51:56,49.9993,-109.9153
2025-03-05 17:51:58,49.9993,-109.9095
2025-03-05 17:51:59,49.9992,-109.9035
2025-03-05 17:52:00,49.9992,-109.9
2025-03-05 17:52:01,49.9992,-109.8962
2025-03-05 17:52:02,49.9992,-109.8943
2025-03-05 17:52:03,49.9991,-109.8881
2025-03-05 17:52:09,49.999,-109.8671
2025-03-05 17:52:10,49.9989,-109.8634
2025-03-05 17:52:13,49.9988,-109.8518
2025-03-05 17:52:15,49.9987,-109.8423
2025-03-05 17:52:16,49.9987,-109.8385
2025-03-05 17:52:17,49.9987,-109.8351
2025-03-05 17:52:18,49.9986,-109.8313
2025-03-05 17:52:20,49.9986,-109.8236
2025-03-05 17:52:21,49.9986,-109.8202
2025-03-05 17:52:22,49.9985,-109.8167
2025-03-05 17:52:26,49.9984,-109.801
2025-03-05 17:52:27,49.9984,-109.7977
2025-03-05 17:52:33,49.9982,-109.774
2025-03-05 17:52:34,49.9981,-109.7705
2025-03-05 17:52:37,49.998,-109.7591
2025-03-05 17:52:38,49.998,-109.7556
2025-03-05 17:52:40,49.9979,-109.7472
2025-03-05 17:52:43,49.9979,-109.7361
2025-03-05 17:52:44,49.9978,-109.7323
2025-03-05 17:53:07,49.997,-109.6452
2025-03-05 17:53:09,49.9969,-109.6376
2025-03-05 17:53:11,49.9969,-109.63
2025-03-05 17:53:30,49.9962,-109.559
2025-03-05 17:53:32,49.9961,-109.5498
2025-03-05 17:53:33,49.9961,-109.5456
2025-03-05 17:53:34,49.996,-109.5414
2025-03-05 17:53:37,49.9959,-109.53
2025-03-05 17:53:40,49.9958,-109.5201
2025-03-05 17:53:41,49.9958,-109.514
2025-03-05 17:53:45,49.9956,-109.4991
2025-03-05 17:53:46,49.9956,-109.4949
2025-03-05 17:54:07,49.9948,-109.4155
2025-03-05 17:54:08,49.9948,-109.412
2025-03-05 17:54:18,49.9943,-109.3742
2025-03-05 17:54:19,49.9943,-109.3692
2025-03-05 17:54:20,49.9942,-109.3673
2025-03-05 17:54:21,49.9942,-109.3631
2025-03-05 17:54:25,49.994,-109.3466
2025-03-05 17:54:27,49.9939,-109.3394
2025-03-05 17:54:31,49.9937,-109.324
2025-03-05 17:54:32,49.9936,-109.3202
2025-03-05 17:54:33,49.9936,-109.3167
2025-03-05 17:54:34,49.9935,-109.3133
2025-03-05 17:54:36,49.9934,-109.3052
2025-03-05 17:54:38,49.9933,-109.2972
2025-03-05 17:54:43,49.9931,-109.2784
2025-03-05 17:54:46,49.9929,-109.2673
2025-03-05 17:54:49,49.9928,-109.2546
2025-03-05 17:54:50,49.9927,-109.2531
2025-03-05 17:54:53,49.9926,-109.2393
2025-03-05 17:54:54,49.9925,-109.2359
2025-03-05 17:54:55,49.9925,-109.2336
2025-03-05 17:54:56,49.9924,-109.2282
2025-03-05 17:55:03,49.9921,-109.2014
2025-03-05 17:55:04,49.992,-109.1982
2025-03-05 17:55:07,49.9919,-109.1875
2025-03-05 17:55:08,49.9918,-109.1818
2025-03-05 17:55:14,49.9915,-109.1587
2025-03-05 17:55:28,49.9908,-109.1064
2025-03-05 17:55:29,49.9907,-109.1006
2025-03-05 17:55:30,49.9906,-109.0987
2025-03-05 17:55:32,49.9905,-109.0895
2025-03-05 17:55:47,49.9897,-109.0324
2025-03-05 17:55:54,49.9892,-109.005
2025-03-05 17:56:00,49.9888,-108.9811
2025-03-05 17:56:04,49.9885,-108.9653
2025-03-05 17:56:06,49.9884,-108.9599
2025-03-05 17:56:08,49.9883,-108.9518
2025-03-05 17:56:10,49.9882,-108.9426
2025-03-05 17:56:14,49.9879,-108.9283
2025-03-05 17:56:15,49.9879,-108.9245
2025-03-05 17:56:16,49.9878,-108.921
2025-03-05 17:56:19,49.9877,-108.9091
2025-03-05 17:56:21,49.9875,-108.9014
2025-03-05 17:56:28,49.9872,-108.8745
2025-03-05 17:56:30,49.987,-108.8669
2025-03-05 17:56:46,49.986,-108.805
2025-03-05 17:57:02,49.9849,-108.7428
2025-03-05 17:57:03,49.9848,-108.7389
2025-03-05 17:57:05,49.9847,-108.7312
2025-03-05 17:57:07,49.9846,-108.7254
2025-03-05 17:57:14,49.9841,-108.6974
2025-03-05 17:57:17,49.9839,-108.6854
2025-03-05 17:57:19,49.9837,-108.6774
2025-03-05 17:57:20,49.9837,-108.6755
2025-03-05 17:57:22,49.9835,-108.6658
2025-03-05 17:57:23,49.9835,-108.6635
2025-03-05 17:57:24,49.9834,-108.6593
2025-03-05 17:57:25,49.9833,-108.6559
2025-03-05 17:57:28,49.9831,-108.6428
2025-03-05 17:57:30,49.983,-108.6371
2025-03-05 17:57:32,49.9829,-108.629
2025-03-05 17:57:34,49.9827,-108.6214
2025-03-05 17:57:39,49.9824,-108.6014
2025-03-05 17:57:41,49.9823,-108.5934
2025-03-05 17:57:42,49.9822,-108.59
2025-03-05 17:57:43,49.9821,-108.5861
2025-03-05 17:57:45,49.982,-108.5777
2025-03-05 17:57:46,49.9819,-108.5743
2025-03-05 17:57:48,49.9817,-108.567
2025-03-05 17:57:51,49.9815,-108.5547
2025-03-05 17:57:52,49.9815,-108.5509
2025-03-05 17:57:56,49.9812,-108.536
2025-03-05 17:57:57,49.9811,-108.5321
2025-03-05 17:57:59,49.9809,-108.5245
2025-03-05 17:58:13,49.9799,-108.4728
2025-03-05 17:58:15,49.9797,-108.4633
2025-03-05 17:58:21,49.9793,-108.44
2025-03-05 17:58:22,49.9792,-108.4361
2025-03-05 17:58:23,49.9791,-108.4323
2025-03-05 17:58:24,49.979,-108.4288
2025-03-05 17:58:25,49.979,-108.4254
2025-03-05 17:58:28,49.9788,-108.4143
2025-03-05 17:58:29,49.9787,-108.4105
2025-03-05 17:58:31,49.9785,-108.4017
2025-03-05 17:58:32,49.9785,-108.3983
2025-03-05 17:58:34,49.9783,-108.3906
2025-03-05 17:58:35,49.9783,-108.3868
2025-03-05 17:58:37,49.9781,-108.3791
2025-03-05 17:58:38,49.978,-108.3749
2025-03-05 17:58:39,49.978,-108.3715
2025-03-05 17:58:50,49.9771,-108.3305
2025-03-05 17:58:51,49.9771,-108.3271
2025-03-05 17:59:00,49.9763,-108.2912
2025-03-05 17:59:01,49.9762,-108.2873
2025-03-05 17:59:04,49.976,-108.2781
2025-03-05 17:59:05,49.9759,-108.2716
2025-03-05 17:59:10,49.9755,-108.2533
2025-03-05 17:59:11,49.9754,-108.2498
2025-03-05 17:59:16,49.975,-108.231
2025-03-05 17:59:17,49.9749,-108.2272
2025-03-05 17:59:18,49.9748,-108.2218
2025-03-05 17:59:19,49.9748,-108.2195
2025-03-05 17:59:20,49.9747,-108.2157
2025-03-05 17:59:21,49.9746,-108.2104
2025-03-05 17:59:22,49.9745,-108.2065
2025-03-05 17:59:24,49.9743,-108.2003
2025-03-05 17:59:25,49.9742,-108.1965
2025-03-05 17:59:26,49.9742,-108.1923
2025-03-05 17:59:32,49.9737,-108.1693
2025-03-05 17:59:33,49.9736,-108.1658
2025-03-05 17:59:38,49.9732,-108.147
2025-03-05 17:59:39,49.9731,-108.1424
2025-03-05 17:59:54,49.9718,-108.0849
2025-03-05 17:59:55,49.9718,-108.083
2025-03-05 18:00:00,49.9713,-108.0615
2025-03-05 18:00:20,49.9694,-107.9852
2025-03-05 18:00:21,49.9694,-107.9817
2025-03-05 18:00:23,49.9691,-107.974
2025-03-05 18:00:45,49.967,-107.8883
2025-03-05 18:00:46,49.9669,-107.8852
2025-03-05 18:00:48,49.9667,-107.8768
2025-03-05 18:00:50,49.9665,-107.8698
2025-03-05 18:00:57,49.9659,-107.8429
2025-03-05 18:00:58,49.9658,-107.8394
2025-03-05 18:01:02,49.9654,-107.8224
2025-03-05 18:01:05,49.9651,-107.8116
2025-03-05 18:01:19,49.9637,-107.7575
2025-03-05 18:01:20,49.9635,-107.7533
2025-03-05 18:01:25,49.963,-107.734
2025-03-05 18:01:26,49.963,-107.7324
2025-03-05 18:01:28,49.9628,-107.7232
2025-03-05 18:01:29,49.9627,-107.7193
2025-03-05 18:01:32,49.9623,-107.7074
2025-03-05 18:01:33,49.9622,-107.7031
2025-03-05 18:01:39,49.9616,-107.6811
2025-03-05 18:01:42,49.9613,-107.6687
2025-03-05 18:01:47,49.9608,-107.6501
2025-03-05 18:01:48,49.9607,-107.6463
2025-03-05 18:01:49,49.9606,-107.6428
2025-03-05 18:01:51,49.9604,-107.6347
2025-03-05 18:01:56,49.9599,-107.6146
2025-03-05 18:02:00,49.9594,-107.5979
2025-03-05 18:02:03,49.9591,-107.5867
2025-03-05 18:02:09,49.9585,-107.564
2025-03-05 18:02:10,49.9583,-107.5605
2025-03-05 18:02:16,49.9577,-107.5372
2025-03-05 18:02:17,49.9576,-107.533
2025-03-05 18:02:18,49.9575,-107.5295
2025-03-05 18:02:20,49.9573,-107.5222
2025-03-05 18:02:21,49.9571,-107.5176
2025-03-05 18:02:25,49.9567,-107.5021
2025-03-05 18:02:26,49.9566,-107.4985
2025-03-05 18:02:30,49.9562,-107.4835
2025-03-05 18:02:31,49.9561,-107.48
2025-03-05 18:02:39,49.9552,-107.4495
2025-03-05 18:02:41,49.955,-107.4406
2025-03-05 18:02:56,49.9533,-107.3825
2025-03-05 18:02:57,49.9532,-107.3787
2025-03-05 18:03:01,49.9528,-107.364
2025-03-05 18:03:03,49.9525,-107.3567
2025-03-05 18:03:09,49.9518,-107.3323
2025-03-05 18:03:11,49.9515,-107.3233
2025-03-05 18:03:12,49.9515,-107.3214
2025-03-05 18:03:21,49.9504,-107.2855
2025-03-05 18:03:22,49.9503,-107.2832
2025-03-05 18:03:24,49.9501,-107.2738
2025-03-05 18:03:25,49.95,-107.2708
2025-03-05 18:03:26,49.9498,-107.2669
2025-03-05 18:03:28,49.9496,-107.2595
2025-03-05 18:03:29,49.9495,-107.2561
2025-03-05 18:03:32,49.9492,-107.2441
2025-03-05 18:03:33,49.9491,-107.2402
2025-03-05 18:03:41,49.9481,-107.2084
2025-03-05 18:03:42,49.948,-107.2042
2025-03-05 18:03:45,49.9476,-107.1926
2025-03-05 18:03:46,49.9475,-107.1888
2025-03-05 18:03:55,49.9465,-107.1555
2025-03-05 18:04:01,49.9458,-107.1319
2025-03-05 18:04:04,49.9454,-107.1203
2025-03-05 18:04:07,49.945,-107.1071
2025-03-05 18:04:08,49.9449,-107.1033
2025-03-05 18:04:09,49.9448,-107.101
2025-03-05 18:04:10,49.9447,-107.0967
2025-03-05 18:04:13,49.9443,-107.0843
2025-03-05 18:04:14,49.9441,-107.08
2025-03-05 18:04:16,49.9439,-107.0742
2025-03-05 18:04:18,49.9437,-107.0665
2025-03-05 18:04:20,49.9434,-107.0568
2025-03-05 18:04:21,49.9433,-107.0533
2025-03-05 18:04:22,49.9432,-107.051
2025-03-05 18:04:24,49.943,-107.0451
2025-03-05 18:04:24,49.9429,-107.0413
2025-03-05 18:04:25,49.9428,-107.0378
2025-03-05 18:04:26,49.9427,-107.0355
2025-03-05 18:04:27,49.9426,-107.0312
2025-03-05 18:04:28,49.9425,-107.0273
2025-03-05 18:04:38,49.9412,-106.9897
2025-03-05 18:04:39,49.941,-106.9843
2025-03-05 18:04:40,49.9409,-106.9805
2025-03-05 18:04:42,49.9406,-106.9731
2025-03-05 18:04:44,49.9404,-106.9653
2025-03-05 18:04:45,49.9403,-106.9614
2025-03-05 18:04:47,49.94,-106.9541
2025-03-05 18:04:48,49.9399,-106.9498
2025-03-05 18:04:49,49.9397,-106.9455
2025-03-05 18:04:52,49.9393,-106.9343
2025-03-05 18:04:53,49.9392,-106.9296
2025-03-05 18:04:58,49.9386,-106.9106
2025-03-05 18:04:59,49.9384,-106.9071
2025-03-05 18:05:01,49.9382,-106.8993
2025-03-05 18:05:02,49.9381,-106.8955
2025-03-05 18:05:03,49.9379,-106.8901
2025-03-05 18:05:22,49.9354,-106.8168
2025-03-05 18:05:25,49.9351,-106.8052
2025-03-05 18:05:26,49.9349,-106.8013
2025-03-05 18:05:27,49.9348,-106.7971
2025-03-05 18:05:28,49.9347,-106.7931
2025-03-05 18:05:32,49.9341,-106.7777
2025-03-05 18:05:33,49.9341,-106.7757
2025-03-05 18:05:36,49.9336,-106.7633
2025-03-05 18:05:38,49.9334,-106.7559
2025-03-05 18:05:42,49.9329,-106.7401
2025-03-05 18:05:43,49.9327,-106.7362
2025-03-05 18:05:45,49.9324,-106.7288
2025-03-05 18:05:46,49.9323,-106.7246
2025-03-05 18:05:47,49.9322,-106.7211
2025-03-05 18:05:48,49.9321,-106.7173
2025-03-05 18:05:52,49.9315,-106.7017
2025-03-05 18:05:53,49.9313,-106.6971
2025-03-05 18:05:54,49.9312,-106.694
2025-03-05 18:05:55,49.931,-106.6886
2025-03-05 18:05:57,49.9308,-106.6809
2025-03-05 18:05:58,49.9306,-106.677
2025-03-05 18:06:01,49.9303,-106.6658
2025-03-05 18:06:04,49.9298,-106.6549
2025-03-05 18:06:05,49.9297,-106.6503
2025-03-05 18:06:14,49.9284,-106.6159
2025-03-05 18:06:15,49.9283,-106.6123
2025-03-05 18:06:27,49.9266,-106.5651
2025-03-05 18:06:28,49.9265,-106.5628
2025-03-05 18:06:31,49.926,-106.5493
2025-03-05 18:06:33,49.9257,-106.5416
2025-03-05 18:06:39,49.925,-106.5214
2025-03-05 18:06:40,49.9248,-106.5152
2025-03-05 18:06:42,49.9245,-106.5071
2025-03-05 18:06:43,49.9244,-106.504
2025-03-05 18:06:44,49.9243,-106.4994
2025-03-05 18:06:45,49.9242,-106.4974
2025-03-05 18:06:46,49.924,-106.4932
2025-03-05 18:06:47,49.9238,-106.4877
2025-03-05 18:06:48,49.9237,-106.4839
2025-03-05 18:06:50,49.9234,-106.4758
2025-03-05 18:06:53,49.9229,-106.4641
2025-03-05 18:06:54,49.9228,-106.4603
2025-03-05 18:06:58,49.9222,-106.4452
2025-03-05 18:07:06,49.9211,-106.4146
2025-03-05 18:07:08,49.9208,-106.4069
2025-03-05 18:07:09,49.9206,-106.4027
2025-03-05 18:07:10,49.9205,-106.3992
2025-03-05 18:07:16,49.9196,-106.3764
2025-03-05 18:07:17,49.9194,-106.3725
2025-03-05 18:07:18,49.9193,-106.3682
2025-03-05 18:07:19,49.9191,-106.3644
2025-03-05 18:07:20,49.919,-106.3609
2025-03-05 18:07:26,49.9181,-106.3377
2025-03-05 18:07:30,49.9175,-106.3211
2025-03-05 18:07:31,49.9174,-106.3192
2025-03-05 18:07:36,49.9166,-106.2984
2025-03-05 18:07:38,49.9164,-106.2914
2025-03-05 18:07:41,49.9159,-106.279
2025-03-05 18:07:51,49.9144,-106.2408
2025-03-05 18:07:52,49.9142,-106.2366
2025-03-05 18:07:53,49.9141,-106.2323
2025-03-05 18:07:54,49.914,-106.2292
2025-03-05 18:08:22,49.9097,-106.1214
2025-03-05 18:08:23,49.9095,-106.1172
2025-03-05 18:08:33,49.908,-106.0789
2025-03-05 18:08:34,49.9079,-106.0754
2025-03-05 18:08:40,49.9069,-106.0515
2025-03-05 18:08:49,49.9054,-106.0156
2025-03-05 18:08:50,49.9053,-106.0121
2025-03-05 18:08:51,49.9051,-106.0087
2025-03-05 18:08:53,49.9048,-106.0009
2025-03-05 18:08:54,49.9046,-105.997
2025-03-05 18:09:17,49.9009,-105.9074
2025-03-05 18:09:18,49.9008,-105.9043
2025-03-05 18:09:20,49.9005,-105.8966
2025-03-05 18:09:21,49.9003,-105.8935
2025-03-05 18:09:22,49.9001,-105.8892
2025-03-05 18:09:23,49.9,-105.8857
2025-03-05 18:09:26,49.8995,-105.8745
2025-03-05 18:09:27,49.8993,-105.8692
2025-03-05 18:09:30,49.8989,-105.8591
2025-03-05 18:09:31,49.8987,-105.8548
2025-03-05 18:09:33,49.8984,-105.8482
2025-03-05 18:09:34,49.8982,-105.8428
2025-03-05 18:09:35,49.898,-105.8382
2025-03-05 18:09:39,49.8973,-105.8223
2025-03-05 18:09:42,49.8968,-105.8111
2025-03-05 18:09:43,49.8967,-105.8077
2025-03-05 18:09:46,49.8962,-105.796
2025-03-05 18:09:47,49.896,-105.7925
2025-03-05 18:09:50,49.8956,-105.7817
2025-03-05 18:09:52,49.8953,-105.7743
2025-03-05 18:09:54,49.8949,-105.7667
2025-03-05 18:09:55,49.8947,-105.7605
2025-03-05 18:09:56,49.8945,-105.7566
2025-03-05 18:09:57,49.8944,-105.7542
2025-03-05 18:09:58,49.8943,-105.7508
2025-03-05 18:09:59,49.894,-105.7454
2025-03-05 18:10:00,49.8939,-105.7416
2025-03-05 18:10:02,49.8935,-105.7342
2025-03-05 18:10:04,49.8932,-105.726
2025-03-05 18:10:07,49.8928,-105.7164
2025-03-05 18:10:10,49.8921,-105.7021
2025-03-05 18:10:11,49.8921,-105.7005
2025-03-05 18:10:13,49.8917,-105.6924
2025-03-05 18:10:14,49.8916,-105.6885
2025-03-05 18:10:31,49.8886,-105.6216
2025-03-05 18:10:32,49.8885,-105.6181
2025-03-05 18:10:38,49.8875,-105.5949
2025-03-05 18:10:39,49.8873,-105.5915
2025-03-05 18:10:42,49.8867,-105.5794
2025-03-05 18:10:45,49.8862,-105.5678
2025-03-05 18:10:47,49.8859,-105.5612
2025-03-05 18:10:49,49.8855,-105.5531
2025-03-05 18:10:53,49.8848,-105.5373
2025-03-05 18:10:54,49.8846,-105.5334
2025-03-05 18:10:56,49.8843,-105.5261
2025-03-05 18:10:57,49.8841,-105.5222
2025-03-05 18:11:06,49.8825,-105.4878
2025-03-05 18:11:07,49.8823,-105.482
2025-03-05 18:11:15,49.8809,-105.4518
2025-03-05 18:11:16,49.8807,-105.4483
2025-03-05 18:11:22,49.8797,-105.4256
2025-03-05 18:11:23,49.8795,-105.4217
2025-03-05 18:11:24,49.8793,-105.4175
2025-03-05 18:11:43,49.8759,-105.3437
2025-03-05 18:11:45,49.8756,-105.3364
2025-03-05 18:11:47,49.8752,-105.3287
2025-03-05 18:11:53,49.8741,-105.3059
2025-03-05 18:11:55,49.8738,-105.2982
2025-03-05 18:12:02,49.8724,-105.2696
2025-03-05 18:12:03,49.8723,-105.2657
2025-03-05 18:12:14,49.8702,-105.2236
2025-03-05 18:12:15,49.8702,-105.2213
2025-03-05 18:12:17,49.8697,-105.2121
2025-03-05 18:12:18,49.8696,-105.209
2025-03-05 18:12:22,49.8688,-105.1936
2025-03-05 18:12:24,49.8684,-105.1854
2025-03-05 18:12:34,49.8666,-105.148
2025-03-05 18:12:35,49.8664,-105.1441
2025-03-05 18:12:37,49.866,-105.1353
2025-03-05 18:12:41,49.8652,-105.1187
2025-03-05 18:12:49,49.8637,-105.0894
2025-03-05 18:12:50,49.8635,-105.0855
2025-03-05 18:12:57,49.8622,-105.0585
2025-03-05 18:12:58,49.862,-105.0547
2025-03-05 18:13:02,49.8613,-105.0392
2025-03-05 18:13:03,49.861,-105.0342
2025-03-05 18:13:06,49.8604,-105.0227
2025-03-05 18:13:07,49.8603,-105.0192
2025-03-05 18:13:18,49.8582,-104.9784
2025-03-05 18:13:21,49.8575,-104.9653
2025-03-05 18:13:22,49.8575,-104.9634
2025-03-05 18:13:23,49.8572,-104.9595
2025-03-05 18:13:25,49.8568,-104.9514
2025-03-05 18:13:26,49.8566,-104.9473
2025-03-05 18:13:27,49.8564,-104.9434
2025-03-05 18:13:30,49.8558,-104.9307
2025-03-05 18:13:33,49.8552,-104.9195
2025-03-05 18:13:34,49.8551,-104.9176
2025-03-05 18:13:37,49.8544,-104.9038
2025-03-05 18:13:38,49.8543,-104.9003
2025-03-05 18:13:41,49.8537,-104.8887
2025-03-05 18:13:42,49.8535,-104.8849
2025-03-05 18:13:46,49.8528,-104.8718
2025-03-05 18:13:47,49.8525,-104.8665
2025-03-05 18:13:49,49.8522,-104.8591
2025-03-05 18:13:50,49.852,-104.8549
2025-03-05 18:13:51,49.8517,-104.8511
2025-03-05 18:13:53,49.8514,-104.8437
2025-03-05 18:13:54,49.8512,-104.8395
2025-03-05 18:13:55,49.851,-104.8357
2025-03-05 18:13:56,49.8508,-104.8318
2025-03-05 18:14:03,49.8493,-104.8034
2025-03-05 18:14:04,49.8492,-104.7999
2025-03-05 18:14:07,49.8486,-104.7903
2025-03-05 18:14:08,49.8484,-104.786
2025-03-05 18:14:09,49.8481,-104.7803
2025-03-05 18:14:13,49.8473,-104.7653
2025-03-05 18:14:16,49.8468,-104.7549
2025-03-05 18:14:22,49.8456,-104.7311
2025-03-05 18:14:23,49.8454,-104.7273
2025-03-05 18:14:31,49.8438,-104.697
2025-03-05 18:14:33,49.8433,-104.6877
2025-03-05 18:14:36,49.8427,-104.6766
2025-03-05 18:14:37,49.8425,-104.6727
2025-03-05 18:14:38,49.8423,-104.6689
2025-03-05 18:14:40,49.8419,-104.662
2025-03-05 18:14:45,49.8409,-104.6428
2025-03-05 18:14:47,49.8405,-104.6354
2025-03-05 18:14:49,49.8401,-104.6278
2025-03-05 18:14:50,49.8399,-104.6235
2025-03-05 18:15:11,49.8356,-104.544
2025-03-05 18:15:12,49.8353,-104.5386
2025-03-05 18:15:13,49.8351,-104.5344
2025-03-05 18:15:15,49.8347,-104.5275
2025-03-05 18:15:16,49.8345,-104.5236
2025-03-05 18:15:17,49.8343,-104.5198
2025-03-05 18:15:19,49.834,-104.5141
2025-03-05 18:15:20,49.8337,-104.509
2025-03-05 18:15:21,49.8336,-104.5075
2025-03-05 18:15:22,49.8332,-104.4998
2025-03-05 18:15:37,49.8301,-104.4432
2025-03-05 18:15:38,49.8299,-104.4394
2025-03-05 18:15:40,49.8294,-104.4302
2025-03-05 18:15:41,49.8292,-104.4267
2025-03-05 18:15:42,49.8291,-104.4244
2025-03-05 18:15:43,49.8289,-104.4205
2025-03-05 18:15:46,49.8283,-104.4089
2025-03-05 18:15:54,49.8266,-104.3786
2025-03-05 18:15:55,49.8263,-104.3732
2025-03-05 18:15:57,49.8259,-104.3666
2025-03-05 18:16:00,49.8253,-104.3558
2025-03-05 18:16:01,49.8251,-104.3516
2025-03-05 18:16:03,49.8246,-104.3431
2025-03-05 18:16:04,49.8244,-104.3396
2025-03-05 18:16:10,49.8231,-104.3158
2025-03-05 18:16:11,49.8229,-104.3115
2025-03-05 18:16:12,49.8227,-104.3084
2025-03-05 18:16:13,49.8224,-104.3042
2025-03-05 18:16:15,49.8222,-104.2988
2025-03-05 18:16:16,49.8219,-104.2934
2025-03-05 18:16:17,49.8216,-104.2891
2025-03-05 18:16:18,49.8214,-104.2856
2025-03-05 18:16:19,49.8212,-104.2814
2025-03-05 18:16:20,49.821,-104.278
2025-03-05 18:16:22,49.8206,-104.2702
2025-03-05 18:16:23,49.8203,-104.2648
2025-03-05 18:16:24,49.8201,-104.2625
2025-03-05 18:16:25,49.8198,-104.2571
2025-03-05 18:16:34,49.8179,-104.2235
2025-03-05 18:16:36,49.8175,-104.2162
2025-03-05 18:16:37,49.8173,-104.2123
2025-03-05 18:16:38,49.817,-104.2081
2025-03-05 18:16:40,49.8166,-104.2003
2025-03-05 18:16:41,49.8164,-104.1961
2025-03-05 18:16:49,49.8146,-104.1644
2025-03-05 18:16:51,49.8142,-104.1586
2025-03-05 18:16:54,49.8135,-104.1454
2025-03-05 18:16:55,49.8133,-104.1416
2025-03-05 18:16:56,49.8131,-104.1373
2025-03-05 18:16:57,49.8129,-104.1354
2025-03-05 18:16:59,49.8124,-104.1261
2025-03-05 18:17:00,49.8123,-104.1242
2025-03-05 18:17:01,49.8121,-104.1211
2025-03-05 18:17:04,49.8115,-104.1095
2025-03-05 18:17:05,49.8112,-104.1057
2025-03-05 18:17:06,49.811,-104.1014
2025-03-05 18:17:17,49.8085,-104.0581
2025-03-05 18:17:18,49.8082,-104.0543
2025-03-05 18:17:20,49.8077,-104.0446
2025-03-05 18:17:22,49.8073,-104.0373
2025-03-05 18:17:23,49.8071,-104.035
2025-03-05 18:17:24,49.8068,-104.0292
2025-03-05 18:17:26,49.8064,-104.0218
2025-03-05 18:17:29,49.8056,-104.0099
2025-03-05 18:17:31,49.8053,-104.0037
2025-03-05 18:17:33,49.8049,-103.9964
2025-03-05 18:17:36,49.8041,-103.9836
2025-03-05 18:17:37,49.8039,-103.9798
2025-03-05 18:17:38,49.8037,-103.9759
2025-03-05 18:17:41,49.803,-103.9651
2025-03-05 18:17:51,49.8007,-103.9262
2025-03-05 18:17:52,49.8005,-103.9224
2025-03-05 18:17:56,49.7996,-103.9058
2025-03-05 18:18:02,49.7982,-103.8843
2025-03-05 18:18:04,49.7977,-103.8758
2025-03-05 18:18:09,49.7966,-103.8566
2025-03-05 18:18:13,49.7957,-103.842
2025-03-05 18:18:15,49.7953,-103.8347
2025-03-05 18:18:16,49.7949,-103.8289
2025-03-05 18:18:19,49.7943,-103.8193
2025-03-05 18:18:20,49.794,-103.8135
2025-03-05 18:18:21,49.7937,-103.8097
2025-03-05 18:18:24,49.7931,-103.7985
2025-03-05 18:18:27,49.7925,-103.7878
2025-03-05 18:18:29,49.792,-103.7805
2025-03-05 18:18:32,49.7912,-103.7678
2025-03-05 18:18:33,49.7911,-103.7655
2025-03-05 18:18:34,49.7909,-103.7616
2025-03-05 18:18:35,49.7906,-103.7574
2025-03-05 18:18:36,49.7904,-103.7536
2025-03-05 18:18:38,49.7898,-103.7443
2025-03-05 18:18:39,49.7896,-103.7409
2025-03-05 18:19:47,49.7735,-103.4824
2025-03-05 18:19:49,49.7729,-103.4724
2025-03-05 18:19:50,49.7727,-103.4705
2025-03-05 18:20:11,49.7675,-103.3871
2025-03-05 18:20:12,49.7673,-103.3832
2025-03-05 18:20:13,49.767,-103.3793
2025-03-05 18:20:37,49.7612,-103.2886
2025-03-05 18:20:39,49.7606,-103.2802
2025-03-05 18:20:40,49.7604,-103.2767
2025-03-05 18:20:48,49.7584,-103.2448
2025-03-05 18:20:54,49.7569,-103.2224
2025-03-05 18:20:55,49.7567,-103.2186
2025-03-05 18:20:56,49.7564,-103.2144
2025-03-05 18:20:57,49.7561,-103.2109
2025-03-05 18:20:58,49.7559,-103.2067
2025-03-05 18:20:59,49.7556,-103.2032
2025-03-05 18:21:06,49.7539,-103.1767
2025-03-05 18:21:10,49.7529,-103.1616
2025-03-05 18:21:14,49.7519,-103.1466
2025-03-05 18:21:15,49.7517,-103.1431
2025-03-05 18:33:55,49.5212,-100.2286
2025-03-05 18:34:02,49.5187,-100.2015
2025-03-05 18:34:04,49.5179,-100.1921
2025-03-05 18:34:05,49.5175,-100.1882
2025-03-05 18:34:06,49.5173,-100.1867
2025-03-05 18:34:07,49.5168,-100.181
2025-03-05 18:34:23,49.5113,-100.1213
2025-03-05 18:35:07,49.4963,-99.9529
2025-03-05 18:35:13,49.4946,-99.9305
2025-03-05 18:35:14,49.4944,-99.927
2025-03-05 18:35:26,49.4911,-99.8813
2025-03-05 18:35:27,49.4909,-99.8779
2025-03-05 18:35:28,49.4906,-99.8737
2025-03-05 18:35:29,49.4902,-99.8687
2025-03-05 18:35:31,49.4898,-99.8622
2025-03-05 18:35:33,49.4893,-99.8546
2025-03-05 18:35:34,49.489,-99.8515
2025-03-05 18:35:36,49.4884,-99.8423
2025-03-05 18:35:38,49.4881,-99.8382
2025-03-05 18:35:40,49.4875,-99.8282
2025-03-05 18:35:42,49.4868,-99.819
2025-03-05 18:35:49,49.485,-99.7931
2025-03-05 18:35:50,49.4848,-99.7896
2025-03-05 18:35:52,49.4843,-99.7816
2025-03-05 18:35:54,49.4837,-99.7736
2025-03-05 18:35:55,49.4834,-99.7701
2025-03-05 18:36:09,49.4797,-99.7162
2025-03-05 18:36:10,49.4794,-99.7124
2025-03-05 18:36:11,49.4791,-99.7086
2025-03-05 18:36:12,49.4789,-99.7051
2025-03-05 18:36:14,49.4783,-99.6971
2025-03-05 18:36:15,49.4781,-99.6937
2025-03-05 18:36:16,49.478,-99.6922
2025-03-05 18:36:17,49.4775,-99.686
2025-03-05 18:36:20,49.4767,-99.6753
2025-03-05 18:36:21,49.4765,-99.6715
2025-03-05 18:36:23,49.4759,-99.6628
2025-03-05 18:36:25,49.4753,-99.6551
2025-03-05 18:36:31,49.4737,-99.6326
2025-03-05 18:36:33,49.4732,-99.6253
2025-03-05 18:36:38,49.4718,-99.6058
2025-03-05 18:36:43,49.4704,-99.5867
2025-03-05 18:36:44,49.47,-99.5822
2025-03-05 18:36:45,49.4698,-99.5787
2025-03-05 18:36:46,49.4695,-99.5749
2025-03-05 18:36:48,49.469,-99.5672
2025-03-05 18:36:53,49.4675,-99.5478
2025-03-05 18:36:54,49.4674,-99.5459
2025-03-05 18:36:56,49.4668,-99.5379
2025-03-05 18:36:57,49.4664,-99.5325
2025-03-05 18:36:59,49.466,-99.5264
2025-03-05 18:37:00,49.4657,-99.5222
2025-03-05 18:37:07,49.4636,-99.4946
2025-03-05 18:37:08,49.4633,-99.4909
2025-03-05 18:37:29,49.4574,-99.4112
2025-03-05 18:37:31,49.4568,-99.4039
2025-03-05 18:37:33,49.4562,-99.3963
2025-03-05 18:37:34,49.456,-99.3924
2025-03-05 18:37:35,49.4557,-99.3882
2025-03-05 18:37:36,49.4554,-99.3851
2025-03-05 18:37:39,49.4545,-99.3729
2025-03-05 18:37:40,49.4543,-99.3698
2025-03-05 18:37:43,49.4533,-99.3575
2025-03-05 18:37:45,49.4528,-99.3495
2025-03-05 18:37:46,49.4524,-99.3453
2025-03-05 18:37:47,49.4521,-99.3411
2025-03-05 18:38:02,49.4479,-99.2858
2025-03-05 18:38:03,49.4474,-99.2801
2025-03-05 18:38:08,49.4459,-99.2601
2025-03-05 18:38:11,49.4452,-99.2506
2025-03-05 18:38:19,49.4427,-99.2192
2025-03-05 18:38:20,49.4424,-99.215
2025-03-05 18:38:21,49.4421,-99.2116
2025-03-05 18:38:22,49.4418,-99.2078
2025-03-05 18:38:24,49.4413,-99.2005
2025-03-05 18:38:25,49.441,-99.1967
2025-03-05 18:38:27,49.4404,-99.189
2025-03-05 18:38:28,49.4401,-99.1856
2025-03-05 18:38:29,49.4398,-99.1818
2025-03-05 18:38:33,49.4387,-99.1668
2025-03-05 18:38:34,49.4382,-99.1612
2025-03-05 18:38:44,49.4353,-99.1233
2025-03-05 18:38:47,49.4344,-99.1123
2025-03-05 18:38:49,49.4338,-99.1039
2025-03-05 18:38:57,49.4315,-99.0742
2025-03-05 18:39:05,49.4292,-99.0441
2025-03-05 18:39:06,49.4288,-99.0403
2025-03-05 18:39:08,49.4282,-99.0319
2025-03-05 18:39:09,49.4279,-99.0277
2025-03-05 18:39:10,49.4276,-99.0243
2025-03-05 18:39:13,49.4267,-99.0125
2025-03-05 18:39:16,49.4259,-99.0022
2025-03-05 18:39:17,49.4255,-98.9973
2025-03-05 18:39:30,49.4217,-98.9494
2025-03-05 18:39:31,49.4214,-98.9453
2025-03-05 18:39:35,49.4201,-98.9289
2025-03-05 18:39:36,49.4199,-98.927
2025-03-05 18:39:37,49.4196,-98.9229
2025-03-05 18:39:38,49.4193,-98.9191
2025-03-05 18:39:39,49.419,-98.9156
2025-03-05 18:39:53,49.4148,-98.8629
2025-03-05 18:39:54,49.4145,-98.8587
2025-03-05 18:40:00,49.4125,-98.8344
2025-03-05 18:40:02,49.4121,-98.8286
2025-03-05 18:40:05,49.4111,-98.8173
2025-03-05 18:40:06,49.4107,-98.8116
2025-03-05 18:40:08,49.4102,-98.8059
2025-03-05 18:40:09,49.4099,-98.8017
2025-03-05 18:40:11,49.4091,-98.7926
2025-03-05 18:40:13,49.4085,-98.785
2025-03-05 18:40:15,49.4081,-98.7797
2025-03-05 18:40:16,49.4078,-98.7758
2025-03-05 18:40:21,49.4062,-98.755
2025-03-05 18:40:22,49.4058,-98.7512
2025-03-05 18:40:31,49.4032,-98.7181
2025-03-05 18:40:33,49.4025,-98.7101
2025-03-05 18:40:34,49.4022,-98.7063
2025-03-05 18:40:40,49.4003,-98.682
2025-03-05 18:40:41,49.4001,-98.6797
2025-03-05 18:40:43,49.3994,-98.6717
2025-03-05 18:40:45,49.3988,-98.6645
2025-03-05 18:40:46,49.3985,-98.6603
2025-03-05 18:40:47,49.3982,-98.6565
2025-03-05 18:40:48,49.3978,-98.6523
2025-03-05 18:40:49,49.3975,-98.6481
2025-03-05 18:40:50,49.3972,-98.6447
2025-03-05 18:40:53,49.3963,-98.6336
2025-03-05 18:40:54,49.3959,-98.6294
2025-03-05 18:41:24,49.3863,-98.5146
2025-03-05 18:41:25,49.386,-98.5105
2025-03-05 18:41:26,49.3857,-98.5066
2025-03-05 18:41:41,49.3809,-98.4498
2025-03-05 18:41:42,49.3806,-98.446
2025-03-05 18:41:44,49.3799,-98.438
2025-03-05 18:41:47,49.3791,-98.4281
2025-03-05 18:41:48,49.3786,-98.4223
2025-03-05 18:41:59,49.3751,-98.3814
2025-03-05 18:42:00,49.3748,-98.3776
2025-03-05 18:42:01,49.3745,-98.3738
2025-03-05 18:42:02,49.3742,-98.37
2025-03-05 18:42:03,49.3739,-98.3666
2025-03-05 18:42:08,49.3722,-98.3471
2025-03-05 18:42:10,49.3716,-98.3398
2025-03-05 18:42:11,49.3713,-98.336
2025-03-05 18:42:15,49.37,-98.3203
2025-03-05 18:42:17,49.3693,-98.313
2025-03-05 18:42:18,49.3689,-98.3081
2025-03-05 18:42:19,49.3686,-98.3043
2025-03-05 18:42:23,49.3673,-98.2893
2025-03-05 18:42:24,49.367,-98.2855
2025-03-05 18:42:31,49.3648,-98.2598
2025-03-05 18:42:32,49.3645,-98.256
2025-03-05 18:42:33,49.3642,-98.2522
2025-03-05 18:42:34,49.3638,-98.2483
2025-03-05 18:42:37,49.3628,-98.2365
2025-03-05 18:42:38,49.3625,-98.2331
2025-03-05 18:42:45,49.3602,-98.2058
2025-03-05 18:42:46,49.3598,-98.2012
2025-03-05 18:42:47,49.3595,-98.1974
2025-03-05 18:42:49,49.3588,-98.1897
2025-03-05 18:42:50,49.3585,-98.1859
2025-03-05 18:42:51,49.3581,-98.1816
2025-03-05 18:42:54,49.3571,-98.1702
2025-03-05 18:42:58,49.3558,-98.1552
2025-03-05 18:43:01,49.3549,-98.1441
2025-03-05 18:43:02,49.3546,-98.1406
2025-03-05 18:43:23,49.3475,-98.0588
2025-03-05 18:43:24,49.3472,-98.055
2025-03-05 18:43:27,49.3462,-98.0445
2025-03-05 18:43:29,49.3455,-98.0361
2025-03-05 18:43:31,49.3449,-98.0288
2025-03-05 18:43:38,49.3426,-98.0026
2025-03-05 18:43:39,49.3422,-97.9983
2025-03-05 18:43:41,49.3416,-97.991
2025-03-05 18:43:56,49.3363,-97.9323
2025-03-05 18:44:02,49.3342,-97.9083
2025-03-05 18:44:05,49.3333,-97.8979
2025-03-05 18:44:06,49.333,-97.8945
2025-03-05 18:44:19,49.3285,-97.8442
2025-03-05 18:44:20,49.3282,-97.8404
2025-03-05 18:44:21,49.3278,-97.8366
2025-03-05 18:44:22,49.3274,-97.8315
2025-03-05 18:44:24,49.3268,-97.8257
2025-03-05 18:44:25,49.3263,-97.8196
2025-03-05 18:44:29,49.3251,-97.8069
2025-03-05 18:44:31,49.3243,-97.7976
2025-03-05 18:44:32,49.3242,-97.7961
2025-03-05 18:44:33,49.3236,-97.7895
2025-03-05 18:44:37,49.3222,-97.7734
2025-03-05 18:44:38,49.3218,-97.7695
2025-03-05 18:44:39,49.3216,-97.7676
2025-03-05 18:45:17,49.3085,-97.6216
2025-03-05 18:46:00,49.2934,-97.457
2025-03-05 18:46:01,49.2929,-97.4517
2025-03-05 18:46:02,49.2927,-97.4498
2025-03-05 18:46:03,49.2922,-97.444
2025-03-05 18:46:04,49.2918,-97.4402
2025-03-05 18:46:12,49.2891,-97.4106
2025-03-05 18:46:13,49.2887,-97.4068
2025-03-05 18:46:15,49.2879,-97.3987
2025-03-05 18:46:16,49.2876,-97.3949
2025-03-05 18:46:17,49.2872,-97.3907
2025-03-05 18:46:24,49.2847,-97.3638
2025-03-05 18:46:28,49.2832,-97.3477
2025-03-05 18:46:30,49.2825,-97.34
2025-03-05 18:46:31,49.2823,-97.3381
2025-03-05 18:46:35,49.2808,-97.3215
2025-03-05 18:46:36,49.2805,-97.3181
2025-03-05 18:46:38,49.2796,-97.3097
2025-03-05 18:46:39,49.2793,-97.3058
2025-03-05 18:46:40,49.2789,-97.302
2025-03-05 18:46:42,49.2783,-97.2947
2025-03-05 18:46:43,49.2779,-97.2904
2025-03-05 18:46:48,49.2761,-97.272
2025-03-05 18:46:52,49.2746,-97.2556
2025-03-05 18:46:54,49.2738,-97.2479
2025-03-05 18:46:56,49.2731,-97.2406
2025-03-05 18:46:58,49.2724,-97.2329
2025-03-05 18:47:00,49.2717,-97.2252
2025-03-05 18:47:02,49.271,-97.2179
2025-03-05 18:47:06,49.2696,-97.2029
2025-03-05 18:47:07,49.2691,-97.1987
2025-03-05 18:47:23,49.2634,-97.138
2025-03-05 18:47:24,49.263,-97.1341
2025-03-05 18:47:25,49.2626,-97.1303
2025-03-05 18:47:27,49.2619,-97.1227
2025-03-05 18:47:28,49.2615,-97.1181
2025-03-05 18:47:29,49.2611,-97.1142
2025-03-05 18:47:32,49.2599,-97.102
2025-03-05 18:47:33,49.2596,-97.0981
2025-03-05 18:47:34,49.2592,-97.0943
2025-03-05 18:47:36,49.2585,-97.0866
2025-03-05 18:47:37,49.2582,-97.0835
2025-03-05 18:47:38,49.2578,-97.0793
2025-03-05 18:47:39,49.2574,-97.0758
2025-03-05 18:47:40,49.257,-97.0717
2025-03-05 18:47:41,49.2567,-97.0682
2025-03-05 18:47:42,49.2563,-97.064
2025-03-05 18:47:43,49.256,-97.0605
2025-03-05 18:47:44,49.2556,-97.0567
2025-03-05 18:47:46,49.2549,-97.0498
2025-03-05 18:47:47,49.2545,-97.0456
2025-03-05 18:47:50,49.2534,-97.0344
2025-03-05 18:47:51,49.2529,-97.0291
2025-03-05 18:47:57,49.2507,-97.0065
2025-03-05 18:47:58,49.2504,-97.0027
2025-03-05 18:48:00,49.2497,-96.9958
2025-03-05 18:48:03,49.2486,-96.9839
2025-03-05 18:48:04,49.2482,-96.9797
2025-03-05 18:48:12,49.2452,-96.9488
2025-03-05 18:48:14,49.2444,-96.9412
2025-03-05 18:48:16,49.2437,-96.9343
2025-03-05 18:48:17,49.2435,-96.9312
2025-03-05 18:48:22,49.2415,-96.9114
2025-03-05 18:48:23,49.2411,-96.9071
2025-03-05 18:48:28,49.2393,-96.8885
2025-03-05 18:48:29,49.239,-96.885
2025-03-05 18:48:30,49.2386,-96.8812
2025-03-05 18:48:37,49.2359,-96.8537
2025-03-05 18:48:39,49.2351,-96.8457
2025-03-05 18:48:41,49.2343,-96.8385
2025-03-05 18:48:42,49.2341,-96.8354
2025-03-05 18:48:44,49.2333,-96.8274
2025-03-05 18:48:45,49.2329,-96.8236
2025-03-05 18:49:06,49.2249,-96.7429
2025-03-05 18:49:11,49.2234,-96.7269
2025-03-05 18:49:21,49.2194,-96.6864
2025-03-05 18:49:22,49.219,-96.6834
2025-03-05 18:49:24,49.2181,-96.6742
2025-03-05 18:49:25,49.2179,-96.6719
2025-03-05 18:49:39,49.2125,-96.6177
2025-03-05 18:49:48,49.2089,-96.5819
2025-03-05 18:49:49,49.2087,-96.58
2025-03-05 18:49:52,49.2075,-96.5686
2025-03-05 18:49:54,49.2066,-96.5594
2025-03-05 18:49:58,49.2052,-96.545
2025-03-05 18:50:05,49.2026,-96.5194
2025-03-05 18:50:06,49.2023,-96.5159
2025-03-05 18:50:25,49.1947,-96.4417
2025-03-05 18:50:26,49.1943,-96.4376
2025-03-05 18:50:27,49.1939,-96.4342
2025-03-05 18:50:28,49.1936,-96.4307
2025-03-05 18:50:37,49.19,-96.3958
2025-03-05 18:50:38,49.1897,-96.3924
2025-03-05 18:50:39,49.1893,-96.389
2025-03-05 18:50:41,49.1885,-96.3814
2025-03-05 18:50:46,49.1866,-96.362
2025-03-05 18:50:51,49.1845,-96.3423
2025-03-05 18:50:52,49.1844,-96.3408
2025-03-05 18:50:54,49.1835,-96.3328
2025-03-05 18:50:55,49.183,-96.3279
2025-03-05 18:50:59,49.1815,-96.3127
2025-03-05 18:51:12,49.1764,-96.2636
2025-03-05 18:51:15,49.1752,-96.2519
2025-03-05 18:51:16,49.175,-96.25
2025-03-05 18:51:38,49.1662,-96.1659
2025-03-05 18:51:39,49.1659,-96.1625
2025-03-05 18:51:41,49.1651,-96.1546
2025-03-05 18:51:42,49.1649,-96.1527
2025-03-05 18:51:44,49.1641,-96.1452
2025-03-05 18:51:48,49.1623,-96.128
2025-03-05 18:51:50,49.1615,-96.1205
2025-03-05 18:51:51,49.1613,-96.1183
2025-03-05 18:51:53,49.1604,-96.1104
2025-03-05 18:52:09,49.1542,-96.0509
2025-03-05 18:52:10,49.1538,-96.0469
2025-03-05 18:52:33,49.1445,-95.9596
2025-03-05 18:52:47,49.1394,-95.9112
2025-03-05 18:52:58,49.1346,-95.8668
2025-03-05 18:52:59,49.1343,-95.8635
2025-03-05 18:53:06,49.1316,-95.8385
2025-03-05 18:53:07,49.1312,-95.8348
2025-03-05 18:53:08,49.1308,-95.8311
2025-03-05 18:53:12,49.1291,-95.8154
2025-03-05 18:53:13,49.1287,-95.8113
2025-03-05 18:53:18,49.1271,-95.7964
2025-03-05 18:53:29,49.1224,-95.7531
2025-03-05 18:53:31,49.1215,-95.7456
2025-03-05 18:53:43,49.1165,-95.6989
2025-03-05 18:54:03,49.1085,-95.6249
2025-03-05 18:54:08,49.1065,-95.6066
2025-03-05 18:54:12,49.1051,-95.5935
2025-03-05 18:55:49,49.0647,-95.2299
2025-03-05 18:55:55,49.0621,-95.2072
2025-03-05 18:56:16,49.0534,-95.1309
2025-03-05 19:18:08,48.4002,-90.3341
2025-03-05 19:18:29,48.3884,-90.2596
2025-03-05 19:18:32,48.3872,-90.2525
2025-03-05 19:18:48,48.3781,-90.1952
2025-03-05 19:19:00,48.3707,-90.1494
2025-03-05 19:19:02,48.3702,-90.1463
2025-03-05 19:19:04,48.369,-90.1389
2025-03-05 19:19:05,48.3679,-90.1319
2025-03-05 19:19:06,48.3674,-90.1284
2025-03-05 19:19:09,48.3662,-90.1213
2025-03-05 19:19:10,48.3656,-90.1175
2025-03-05 19:19:11,48.365,-90.1139
2025-03-05 19:19:12,48.3639,-90.1069
2025-03-05 19:19:25,48.3571,-90.0653
2025-03-05 19:19:26,48.356,-90.0589
2025-03-05 19:19:44,48.3458,-89.9954
2025-03-05 19:19:45,48.3452,-89.9919
2025-03-05 19:19:47,48.3441,-89.9852
2025-03-05 19:19:50,48.3425,-89.9757
2025-03-05 19:19:51,48.3419,-89.9718
2025-03-05 19:19:53,48.3408,-89.9652
2025-03-05 19:19:54,48.3403,-89.962
2025-03-05 19:20:17,48.3267,-89.8782
2025-03-05 19:20:18,48.3265,-89.8768
2025-03-05 19:20:25,48.3223,-89.8512
2025-03-05 19:20:27,48.3211,-89.8438
2025-03-05 19:20:29,48.32,-89.8372
2025-03-05 19:20:30,48.3197,-89.8354
2025-03-05 19:20:31,48.3192,-89.8326
2025-03-05 19:20:34,48.3171,-89.8196
2025-03-05 19:20:43,48.3123,-89.7909
2025-03-05 19:20:44,48.3112,-89.7843
2025-03-05 19:20:46,48.3105,-89.7801
2025-03-05 19:20:48,48.3091,-89.771
2025-03-05 19:20:49,48.3089,-89.7696
2025-03-05 19:20:50,48.3083,-89.766
2025-03-05 19:20:54,48.3057,-89.7503
2025-03-05 19:20:55,48.3051,-89.7465
2025-03-05 19:20:56,48.3046,-89.7433
2025-03-05 19:20:58,48.3033,-89.736
2025-03-05 19:21:12,48.2952,-89.6867
2025-03-05 19:21:49,48.2737,-89.5566
2025-03-05 19:21:54,48.2712,-89.5415
2025-03-05 19:22:04,48.2653,-89.5057
2025-03-05 19:22:05,48.2648,-89.5025
2025-03-05 19:22:06,48.264,-89.4976
2025-03-05 19:22:07,48.2635,-89.4944
2025-03-05 19:22:13,48.2605,-89.4751
2025-03-05 19:22:25,48.2542,-89.4325
2025-03-05 19:22:30,48.2519,-89.4155
2025-03-05 19:22:32,48.2504,-89.4044
2025-03-05 19:22:42,48.2459,-89.3698
2025-03-05 19:22:43,48.2454,-89.3658
2025-03-05 19:22:49,48.2428,-89.3439
2025-03-05 19:22:50,48.2424,-89.3403
2025-03-05 19:22:53,48.2412,-89.3299
2025-03-05 19:22:54,48.2407,-89.3263
2025-03-05 19:22:58,48.2392,-89.3126
2025-03-05 19:23:00,48.2383,-89.3054
2025-03-05 19:23:02,48.2376,-89.2993
2025-03-05 19:23:03,48.2371,-89.2954
2025-03-05 19:23:06,48.2357,-89.2835
2025-03-05 19:23:07,48.2355,-89.2817
2025-03-05 19:23:26,48.2273,-89.2122
2025-03-05 19:23:27,48.2269,-89.209
2025-03-05 19:23:30,48.2253,-89.196
2025-03-05 19:23:34,48.2237,-89.1825
2025-03-05 19:23:35,48.2233,-89.1792
2025-03-05 19:23:38,48.2222,-89.1695
2025-03-05 19:23:39,48.2214,-89.1627
2025-03-05 19:23:45,48.2189,-89.1423
2025-03-05 19:23:46,48.2185,-89.1391
2025-03-05 19:24:01,48.2124,-89.0882
2025-03-05 19:24:02,48.212,-89.0842
2025-03-05 19:24:06,48.2103,-89.0699
2025-03-05 19:24:09,48.209,-89.0592
2025-03-05 19:24:15,48.2063,-89.037
2025-03-05 19:24:18,48.2051,-89.027
2025-03-05 19:24:19,48.2043,-89.0206
2025-03-05 19:24:20,48.204,-89.0177
2025-03-05 19:24:22,48.2032,-89.0109
2025-03-05 19:24:27,48.201,-88.993
2025-03-05 19:24:28,48.2006,-88.9898
2025-03-05 19:24:36,48.197,-88.9598
2025-03-05 19:24:38,48.1962,-88.953
2025-03-05 19:24:56,48.1884,-88.8893
2025-03-05 19:24:57,48.188,-88.8857
2025-03-05 19:25:07,48.1836,-88.8496
2025-03-05 19:25:11,48.1819,-88.8357
2025-03-05 19:25:12,48.1814,-88.8321
2025-03-05 19:25:25,48.1757,-88.7857
2025-03-05 19:26:42,48.142,-88.514
2025-03-05 19:27:56,48.1085,-88.25
2025-03-05 19:55:04,47.2334,-82.5932
2025-03-05 19:55:09,47.2299,-82.5741
2025-03-05 19:55:20,47.2235,-82.5393
2025-03-05 19:55:29,47.2176,-82.5069
2025-03-05 19:55:36,47.2134,-82.4838
2025-03-05 19:56:15,47.1899,-82.3556
2025-03-05 19:57:21,47.1491,-82.137
2025-03-05 19:57:39,47.138,-82.0781
2025-03-05 19:57:59,47.1261,-82.0141
2025-03-05 19:58:02,47.1243,-82.0043
2025-03-05 19:58:06,47.1213,-81.9886
2025-03-05 19:58:17,47.115,-81.9546
2025-03-05 19:58:19,47.1134,-81.9464
2025-03-05 19:58:22,47.1117,-81.9373
2025-03-05 19:58:23,47.1112,-81.9346
2025-03-05 19:58:24,47.1102,-81.9294
2025-03-05 19:58:25,47.1098,-81.9275
2025-03-05 19:58:33,47.1052,-81.9025
2025-03-05 19:58:34,47.1042,-81.8973
2025-03-05 19:58:36,47.1028,-81.8901
2025-03-05 19:58:37,47.1023,-81.8872
2025-03-05 19:59:27,47.0712,-81.7238
2025-03-05 19:59:34,47.0668,-81.7007
2025-03-05 19:59:35,47.0659,-81.696
2025-03-05 19:59:36,47.0657,-81.6947
2025-03-05 19:59:37,47.0651,-81.6914
2025-03-05 19:59:39,47.0636,-81.6838
2025-03-05 19:59:42,47.0617,-81.6735
2025-03-05 19:59:43,47.0608,-81.6692
2025-03-05 19:59:50,47.0564,-81.6463
2025-03-05 19:59:51,47.0557,-81.6424
2025-03-05 20:00:07,47.0456,-81.59
2025-03-05 20:00:09,47.0446,-81.5846
2025-03-05 20:00:10,47.0439,-81.581
2025-03-05 20:00:12,47.0422,-81.5726
2025-03-05 20:00:14,47.0411,-81.5667
2025-03-05 20:00:18,47.0388,-81.5547
2025-03-05 20:00:20,47.0373,-81.5471
2025-03-05 20:00:23,47.0353,-81.5368
2025-03-05 20:00:25,47.034,-81.5298
2025-03-05 20:00:37,47.0263,-81.4902
2025-03-05 20:00:38,47.0256,-81.4869
2025-03-05 20:00:39,47.025,-81.4838
2025-03-05 20:00:41,47.0238,-81.4775
2025-03-05 20:00:42,47.0232,-81.4745
2025-03-05 20:00:45,47.0212,-81.4641
2025-03-05 20:00:46,47.0207,-81.4612
2025-03-05 20:00:49,47.0188,-81.4514
2025-03-05 20:00:50,47.0178,-81.4465
2025-03-05 20:01:08,47.006,-81.3859
2025-03-05 20:01:10,47.005,-81.3809
2025-03-05 20:01:12,47.0037,-81.3738
2025-03-05 20:01:19,46.999,-81.3501
2025-03-05 20:01:20,46.9983,-81.3467
2025-03-05 20:01:22,46.9971,-81.3403
2025-03-05 20:01:23,46.9962,-81.3356
2025-03-05 20:01:24,46.9958,-81.3339
2025-03-05 20:01:25,46.9951,-81.3302
2025-03-05 20:01:27,46.9941,-81.3245
2025-03-05 20:01:29,46.9927,-81.3174
2025-03-05 20:01:30,46.992,-81.3137
2025-03-05 20:01:32,46.9905,-81.306
2025-03-05 20:01:35,46.9886,-81.2966
2025-03-05 20:01:36,46.988,-81.2935
2025-03-05 20:01:38,46.9866,-81.2861
2025-03-05 20:01:39,46.9859,-81.2828
2025-03-05 20:01:40,46.9852,-81.2791
2025-03-05 20:01:41,46.9846,-81.276
2025-03-05 20:01:44,46.9828,-81.2669
2025-03-05 20:01:48,46.98,-81.2525
2025-03-05 20:01:49,46.9794,-81.2494
2025-03-05 20:01:50,46.9789,-81.2464
2025-03-05 20:01:52,46.9774,-81.2393
2025-03-05 20:01:56,46.9747,-81.2255
2025-03-05 20:01:57,46.9742,-81.2227
2025-03-05 20:02:02,46.9713,-81.2079
2025-03-05 20:02:02,46.9707,-81.2049
2025-03-05 20:02:04,46.9694,-81.1981
2025-03-05 20:02:15,46.9622,-81.1613
2025-03-05 20:02:17,46.9607,-81.1539
2025-03-05 20:02:21,46.9581,-81.1404
2025-03-05 20:02:22,46.9575,-81.1376
2025-03-05 20:02:24,46.9563,-81.1311
2025-03-05 20:02:26,46.9549,-81.1241
2025-03-05 20:02:27,46.9543,-81.121
2025-03-05 20:02:32,46.9508,-81.1035
2025-03-05 20:02:36,46.9482,-81.0902
2025-03-05 20:02:38,46.9469,-81.0838
2025-03-05 20:02:39,46.946,-81.0794
2025-03-05 20:02:42,46.9442,-81.0703
2025-03-05 20:02:44,46.9427,-81.0625
2025-03-05 20:02:45,46.942,-81.0591
2025-03-05 20:02:52,46.9375,-81.0367
2025-03-05 20:02:53,46.9365,-81.032
2025-03-05 20:02:54,46.9362,-81.0303
2025-03-05 20:02:57,46.9339,-81.0188
2025-03-05 20:02:58,46.9335,-81.0168
2025-03-05 20:03:04,46.9292,-80.9954
2025-03-05 20:03:05,46.9286,-80.9923
2025-03-05 20:03:06,46.9277,-80.9879
2025-03-05 20:03:07,46.9273,-80.9859
2025-03-05 20:03:08,46.9266,-80.9821
2025-03-05 20:03:10,46.9254,-80.976
2025-03-05 20:03:12,46.924,-80.9688
2025-03-05 20:03:13,46.9233,-80.9655
2025-03-05 20:03:15,46.922,-80.9587
2025-03-05 20:03:18,46.92,-80.9484
2025-03-05 20:03:20,46.9187,-80.9416
2025-03-05 20:03:25,46.9151,-80.9232
2025-03-05 20:03:39,46.9058,-80.8766
2025-03-05 20:03:42,46.9036,-80.8654
2025-03-05 20:03:46,46.9009,-80.8522
2025-03-05 20:03:56,46.8941,-80.8185
2025-03-05 20:03:57,46.8934,-80.8152
2025-03-05 20:04:00,46.8913,-80.805
2025-03-05 20:04:01,46.8906,-80.8012
2025-03-05 20:04:02,46.8898,-80.7975
2025-03-05 20:04:03,46.8892,-80.7944
2025-03-05 20:04:04,46.8886,-80.7914
2025-03-05 20:04:06,46.8873,-80.7846
2025-03-05 20:04:07,46.8866,-80.7815
2025-03-05 20:04:13,46.8824,-80.7608
2025-03-05 20:04:14,46.8817,-80.7574
2025-03-05 20:04:16,46.8804,-80.7506
2025-03-05 20:04:19,46.8782,-80.7401
2025-03-05 20:04:21,46.877,-80.7339
2025-03-05 20:04:22,46.8765,-80.7312
2025-03-05 20:04:24,46.8747,-80.7224
2025-03-05 20:04:30,46.8708,-80.703
2025-03-05 20:04:31,46.8701,-80.6996
2025-03-05 20:04:32,46.8696,-80.6968
2025-03-05 20:04:33,46.8686,-80.6921
2025-03-05 20:04:35,46.8673,-80.6853
2025-03-05 20:04:36,46.8667,-80.6822
2025-03-05 20:04:41,46.8633,-80.6659
2025-03-05 20:04:42,46.8626,-80.6622
2025-03-05 20:04:43,46.8621,-80.6594
2025-03-05 20:04:44,46.8614,-80.656
2025-03-05 20:04:45,46.8605,-80.6516
2025-03-05 20:04:46,46.8599,-80.6486
2025-03-05 20:04:47,46.8591,-80.6448
2025-03-05 20:04:50,46.8571,-80.6349
2025-03-05 20:04:51,46.8565,-80.6318
2025-03-05 20:04:56,46.8531,-80.6152
2025-03-05 20:04:57,46.8525,-80.6121
2025-03-05 20:04:58,46.8517,-80.6081
2025-03-05 20:05:00,46.8503,-80.6012
2025-03-05 20:05:01,46.8496,-80.5978
2025-03-05 20:05:02,46.8489,-80.5941
2025-03-05 20:05:03,46.8481,-80.5903
2025-03-05 20:05:04,46.8475,-80.5873
2025-03-05 20:05:08,46.8448,-80.5739
2025-03-05 20:05:11,46.8428,-80.5641
2025-03-05 20:05:13,46.8413,-80.5569
2025-03-05 20:05:14,46.8404,-80.5525
2025-03-05 20:05:16,46.8391,-80.546
2025-03-05 20:05:17,46.8385,-80.5429
2025-03-05 20:05:20,46.8364,-80.5327
2025-03-05 20:05:21,46.8356,-80.529
2025-03-05 20:05:22,46.8349,-80.5255
2025-03-05 20:05:23,46.8343,-80.5221
2025-03-05 20:05:25,46.8329,-80.5157
2025-03-05 20:05:28,46.8308,-80.5051
2025-03-05 20:05:29,46.83,-80.5013
2025-03-05 20:05:31,46.8288,-80.4955
2025-03-05 20:05:32,46.828,-80.4914
2025-03-05 20:05:33,46.8273,-80.4883
2025-03-05 20:05:34,46.8265,-80.4842
2025-03-05 20:05:36,46.8252,-80.4781
2025-03-05 20:05:37,46.8246,-80.4747
2025-03-05 20:05:38,46.8238,-80.4709
2025-03-05 20:05:41,46.8217,-80.4606
2025-03-05 20:05:42,46.821,-80.4572
2025-03-05 20:05:43,46.8203,-80.4542
2025-03-05 20:05:44,46.8197,-80.4511
2025-03-05 20:05:47,46.8176,-80.4405
2025-03-05 20:05:50,46.8155,-80.4305
2025-03-05 20:05:55,46.8119,-80.4127
2025-03-05 20:05:56,46.8111,-80.4089
2025-03-05 20:06:00,46.8085,-80.3956
2025-03-05 20:06:01,46.8078,-80.3922
2025-03-05 20:06:02,46.8071,-80.3887
2025-03-05 20:06:03,46.8064,-80.3857
2025-03-05 20:06:07,46.8037,-80.3723
2025-03-05 20:06:11,46.8008,-80.3583
2025-03-05 20:06:12,46.8002,-80.3552
2025-03-05 20:06:15,46.798,-80.3446
2025-03-05 20:06:16,46.7973,-80.3408
2025-03-05 20:06:17,46.7966,-80.3374
2025-03-05 20:06:18,46.7958,-80.3336
2025-03-05 20:06:22,46.793,-80.3199
2025-03-05 20:06:24,46.7919,-80.3144
2025-03-05 20:06:27,46.7898,-80.3042
2025-03-05 20:06:31,46.7868,-80.2898
2025-03-05 20:06:33,46.7854,-80.2829
2025-03-05 20:06:36,46.7835,-80.2737
2025-03-05 20:06:37,46.7824,-80.2686
2025-03-05 20:06:38,46.782,-80.2665
2025-03-05 20:06:42,46.7792,-80.2528
2025-03-05 20:06:43,46.7785,-80.2494
2025-03-05 20:06:44,46.7774,-80.2443
2025-03-05 20:06:45,46.7771,-80.2426
2025-03-05 20:06:46,46.7764,-80.2392
2025-03-05 20:06:48,46.775,-80.2324
2025-03-05 20:06:49,46.774,-80.2275
2025-03-05 20:06:54,46.7706,-80.2111
2025-03-05 20:06:55,46.77,-80.2084
2025-03-05 20:06:59,46.7672,-80.1947
2025-03-05 20:07:01,46.7658,-80.1879
2025-03-05 20:07:02,46.765,-80.1841
2025-03-05 20:07:04,46.7635,-80.1769
2025-03-05 20:07:06,46.7621,-80.1701
2025-03-05 20:07:07,46.7614,-80.1667
2025-03-05 20:07:08,46.7607,-80.1633
2025-03-05 20:07:09,46.76,-80.1595
2025-03-05 20:07:10,46.7593,-80.1565
2025-03-05 20:07:11,46.7584,-80.152
2025-03-05 20:07:12,46.758,-80.1499
2025-03-05 20:07:13,46.7573,-80.1465
2025-03-05 20:07:14,46.7566,-80.1431
2025-03-05 20:07:15,46.7559,-80.1397
2025-03-05 20:07:22,46.7509,-80.1155
2025-03-05 20:07:23,46.7501,-80.1117
2025-03-05 20:07:24,46.7497,-80.1096
2025-03-05 20:07:25,46.7487,-80.1048
2025-03-05 20:07:26,46.7479,-80.1011
2025-03-05 20:07:30,46.7452,-80.0881
2025-03-05 20:07:31,46.7447,-80.0854
2025-03-05 20:07:40,46.7381,-80.0537
2025-03-05 20:07:41,46.7375,-80.051
2025-03-05 20:07:44,46.7354,-80.0408
2025-03-05 20:07:45,46.7347,-80.0373
2025-03-05 20:07:46,46.7341,-80.0343
2025-03-05 20:07:49,46.7319,-80.0241
2025-03-05 20:07:52,46.7294,-80.0122
2025-03-05 20:07:53,46.7291,-80.0105
2025-03-05 20:07:54,46.7283,-80.0068
2025-03-05 20:07:57,46.7263,-79.9972
2025-03-05 20:07:59,46.7248,-79.9901
2025-03-05 20:08:04,46.7209,-79.9718
2025-03-05 20:08:05,46.7202,-79.9683
2025-03-05 20:08:06,46.7195,-79.965
2025-03-05 20:08:07,46.7188,-79.9619
2025-03-05 20:08:08,46.7183,-79.9592
2025-03-05 20:08:09,46.7173,-79.9547
2025-03-05 20:08:11,46.7159,-79.948
2025-03-05 20:08:15,46.7133,-79.9354
2025-03-05 20:08:17,46.7118,-79.9283
2025-03-05 20:08:19,46.7105,-79.9218
2025-03-05 20:08:20,46.7097,-79.9184
2025-03-05 20:08:23,46.7076,-79.9082
2025-03-05 20:08:24,46.7067,-79.9038
2025-03-05 20:08:25,46.7062,-79.9018
2025-03-05 20:08:26,46.7055,-79.8984
2025-03-05 20:08:27,46.7047,-79.8946
2025-03-05 20:08:30,46.7026,-79.8841
2025-03-05 20:08:31,46.7018,-79.8807
2025-03-05 20:08:32,46.7011,-79.8773
2025-03-05 20:08:33,46.7005,-79.8742
2025-03-05 20:08:35,46.6991,-79.8674
2025-03-05 20:08:36,46.6984,-79.8644
2025-03-05 20:08:42,46.6942,-79.8443
2025-03-05 20:08:43,46.6932,-79.8396
2025-03-05 20:08:46,46.6911,-79.8294
2025-03-05 20:08:53,46.6863,-79.8066
2025-03-05 20:08:54,46.6855,-79.8032
2025-03-05 20:08:55,46.6845,-79.7985
2025-03-05 20:08:56,46.6838,-79.7951
2025-03-05 20:08:59,46.6816,-79.7849
2025-03-05 20:09:00,46.681,-79.7815
2025-03-05 20:09:06,46.6766,-79.7608
2025-03-05 20:09:11,46.6734,-79.7455
2025-03-05 20:09:12,46.6723,-79.7408
2025-03-05 20:09:16,46.6695,-79.7272
2025-03-05 20:09:18,46.6681,-79.7207
2025-03-05 20:09:19,46.6673,-79.717
2025-03-05 20:09:20,46.6666,-79.7139
2025-03-05 20:09:21,46.6659,-79.7105
2025-03-05 20:09:22,46.6651,-79.7067
2025-03-05 20:09:23,46.6644,-79.7034
2025-03-05 20:09:25,46.6631,-79.6973
2025-03-05 20:09:26,46.6624,-79.6939
2025-03-05 20:09:30,46.6596,-79.681
2025-03-05 20:09:31,46.6588,-79.6772
2025-03-05 20:09:32,46.6581,-79.6738
2025-03-05 20:09:33,46.6574,-79.6704
2025-03-05 20:09:35,46.6558,-79.6633
2025-03-05 20:09:37,46.6545,-79.6568
2025-03-05 20:09:49,46.6456,-79.615
2025-03-05 20:09:50,46.6448,-79.6116
2025-03-05 20:09:52,46.6435,-79.6051
2025-03-05 20:09:58,46.6391,-79.5844
2025-03-05 20:09:59,46.6386,-79.5823
2025-03-05 20:10:04,46.6348,-79.5643
2025-03-05 20:10:05,46.6341,-79.5612
2025-03-05 20:10:08,46.632,-79.551
2025-03-05 20:10:11,46.6298,-79.5408
2025-03-05 20:10:16,46.626,-79.5231
2025-03-05 20:10:18,46.6249,-79.5176
2025-03-05 20:10:21,46.6225,-79.5064
2025-03-05 20:10:22,46.6219,-79.5034
2025-03-05 20:10:25,46.6196,-79.4928
2025-03-05 20:10:26,46.619,-79.4897
2025-03-05 20:10:28,46.6174,-79.4826
2025-03-05 20:10:29,46.6167,-79.4791
2025-03-05 20:10:30,46.6162,-79.4772
2025-03-05 20:10:43,46.6064,-79.4312
2025-03-05 20:10:44,46.6061,-79.4296
2025-03-05 20:10:46,46.6045,-79.4221
2025-03-05 20:10:47,46.6037,-79.4187
2025-03-05 20:10:48,46.603,-79.4156
2025-03-05 20:11:06,46.5897,-79.3538
2025-03-05 20:11:08,46.5882,-79.3466
2025-03-05 20:11:09,46.5873,-79.3429
2025-03-05 20:11:14,46.5841,-79.3275
2025-03-05 20:11:16,46.5823,-79.3194
2025-03-05 20:11:17,46.5816,-79.3159
2025-03-05 20:11:22,46.5779,-79.2986
2025-03-05 20:11:23,46.5771,-79.2952
2025-03-05 20:11:24,46.5764,-79.2917
2025-03-05 20:11:25,46.5757,-79.2887
2025-03-05 20:11:29,46.5728,-79.275
2025-03-05 20:11:30,46.572,-79.2713
2025-03-05 20:11:39,46.5657,-79.242
2025-03-05 20:11:40,46.565,-79.2386
2025-03-05 20:11:41,46.5642,-79.2348
2025-03-05 20:11:42,46.5636,-79.2321
2025-03-05 20:11:44,46.5618,-79.2239
2025-03-05 20:11:45,46.561,-79.2205
2025-03-05 20:11:46,46.5604,-79.2175
2025-03-05 20:11:47,46.5596,-79.214
2025-03-05 20:11:54,46.5544,-79.1902
2025-03-05 20:11:55,46.5536,-79.1868
2025-03-05 20:11:56,46.5527,-79.1824
2025-03-05 20:11:57,46.5523,-79.1807
2025-03-05 20:11:58,46.5516,-79.1776
2025-03-05 20:12:01,46.5489,-79.1654
2025-03-05 20:12:02,46.5486,-79.1637
2025-03-05 20:12:05,46.5463,-79.1534
2025-03-05 20:12:06,46.5453,-79.1487
2025-03-05 20:12:08,46.5439,-79.1422
2025-03-05 20:12:11,46.5418,-79.133
2025-03-05 20:12:12,46.541,-79.1292
2025-03-05 20:12:13,46.5404,-79.1261
2025-03-05 20:12:17,46.5373,-79.1122
2025-03-05 20:12:19,46.536,-79.1065
2025-03-05 20:12:21,46.5344,-79.0989
2025-03-05 20:12:22,46.5336,-79.0952
2025-03-05 20:12:25,46.5314,-79.0849
2025-03-05 20:12:28,46.5291,-79.0747
2025-03-05 20:12:37,46.5223,-79.0438
2025-03-05 20:12:38,46.5216,-79.0403
2025-03-05 20:12:40,46.5202,-79.0339
2025-03-05 20:12:42,46.5188,-79.0273
2025-03-05 20:12:43,46.5181,-79.0243
2025-03-05 20:12:50,46.5127,-78.9994
2025-03-05 20:12:51,46.5119,-78.996
2025-03-05 20:12:53,46.5107,-78.9902
2025-03-05 20:12:54,46.5095,-78.9851
2025-03-05 20:12:57,46.5073,-78.9749
2025-03-05 20:12:59,46.506,-78.9691
2025-03-05 20:13:06,46.5008,-78.9452
2025-03-05 20:13:10,46.4976,-78.9309
2025-03-05 20:13:12,46.4963,-78.9248
2025-03-05 20:13:15,46.4941,-78.9149
2025-03-05 20:13:16,46.4934,-78.9114
2025-03-05 20:13:17,46.4924,-78.9067
2025-03-05 20:13:21,46.4898,-78.8948
2025-03-05 20:13:26,46.4858,-78.8767
2025-03-05 20:13:29,46.4836,-78.8665
2025-03-05 20:13:32,46.4818,-78.8583
2025-03-05 20:13:36,46.4783,-78.8426
2025-03-05 20:13:39,46.4762,-78.8328
2025-03-05 20:13:40,46.4756,-78.8301
2025-03-05 20:13:41,46.4748,-78.8266
2025-03-05 20:13:43,46.4733,-78.8198
2025-03-05 20:13:45,46.4717,-78.8123
2025-03-05 20:13:47,46.4702,-78.8055
2025-03-05 20:13:48,46.4694,-78.8022
2025-03-05 20:13:53,46.4659,-78.7865
2025-03-05 20:13:55,46.4641,-78.7784
2025-03-05 20:13:56,46.4634,-78.7753
2025-03-05 20:14:34,46.4348,-78.6443
2025-03-05 20:15:06,46.4112,-78.5402
2025-03-05 20:15:51,46.3787,-78.396
2025-03-05 20:16:18,46.3601,-78.314
2025-03-05 20:16:43,46.3425,-78.2352
2025-03-05 20:16:47,46.3397,-78.2234
2025-03-05 20:17:00,46.3292,-78.1836
2025-03-05 20:17:18,46.3138,-78.1319
2025-03-05 20:17:23,46.3088,-78.1162
2025-03-05 20:17:50,46.2834,-78.0429
2025-03-05 20:18:27,46.2478,-77.9446
2025-03-05 20:19:04,46.2134,-77.8489
2025-03-05 20:19:37,46.1833,-77.7648
2025-03-05 20:20:10,46.1524,-77.679
2025-03-05 20:20:41,46.1244,-77.6014
2025-03-05 20:21:12,46.0964,-77.5242
2025-03-05 20:21:43,46.0685,-77.4472
2025-03-05 20:22:13,46.0419,-77.3745
2025-03-05 20:22:42,46.0162,-77.3038
2025-03-05 20:23:11,45.9903,-77.2323
2025-03-05 20:23:39,45.9652,-77.1637
2025-03-05 20:24:08,45.9385,-77.0915
2025-03-05 20:24:36,45.913,-77.0235
2025-03-05 20:25:03,45.8885,-76.9567
2025-03-05 20:25:29,45.8647,-76.8936
2025-03-05 20:25:58,45.8384,-76.8231
2025-03-05 20:26:39,45.8031,-76.7295
2025-03-05 20:27:07,45.7798,-76.6671
2025-03-05 20:27:36,45.7563,-76.6044
2025-03-05 20:28:04,45.7336,-76.5434
2025-03-05 20:28:36,45.7087,-76.4771
2025-03-05 20:29:06,45.6852,-76.4151
2025-03-05 20:29:49,45.6521,-76.3274
2025-03-05 20:31:14,45.5936,-76.1751
2025-03-05 20:32:01,45.5641,-76.0987
2025-03-05 20:32:04,45.5623,-76.094
2025-03-05 20:32:07,45.5603,-76.0892
2025-03-05 20:32:10,45.5583,-76.0851
2025-03-05 20:32:11,45.5572,-76.0831
2025-03-05 20:32:12,45.5564,-76.0817
2025-03-05 20:32:13,45.5556,-76.0805
2025-03-05 20:32:14,45.5549,-76.0793
2025-03-05 20:32:16,45.5534,-76.0771
2025-03-05 20:32:17,45.552,-76.0752
2025-03-05 20:32:18,45.551,-76.0741
2025-03-05 20:32:19,45.5506,-76.0735
2025-03-05 20:32:20,45.5491,-76.0718
2025-03-05 20:32:22,45.5471,-76.0699
2025-03-05 20:32:24,45.5452,-76.068
2025-03-05 20:32:27,45.5419,-76.0651
2025-03-05 20:32:31,45.5376,-76.0616
2025-03-05 20:33:07,45.4988,-76.0328
2025-03-05 20:33:30,45.4749,-76.0155
2025-03-05 20:33:32,45.4724,-76.0139
2025-03-05 20:33:34,45.4707,-76.013
2025-03-05 20:33:35,45.4695,-76.0123
2025-03-05 20:33:36,45.468,-76.0117
2025-03-05 20:33:37,45.4669,-76.0113
2025-03-05 20:33:39,45.4651,-76.0105
2025-03-05 20:33:40,45.4635,-76.01
2025-03-05 20:33:41,45.4624,-76.0097
2025-03-05 20:33:44,45.4592,-76.0088
2025-03-05 20:33:49,45.4534,-76.0075
2025-03-05 20:34:13,45.4268,-76.0034
2025-03-05 20:35:12,45.365,-75.9926
2025-03-05 20:35:51,45.3286,-75.9842
2025-03-05 20:36:04,45.3167,-75.9812
2025-03-05 20:36:06,45.3149,-75.9806
2025-03-05 20:36:07,45.314,-75.9803
2025-03-05 20:36:09,45.3128,-75.9798
2025-03-05 20:36:10,45.3115,-75.9792
2025-03-05 20:36:12,45.31,-75.9784
2025-03-05 20:36:13,45.3092,-75.9779
2025-03-05 20:36:14,45.3082,-75.9772
2025-03-05 20:36:15,45.3073,-75.9765
2025-03-05 20:36:16,45.3066,-75.9759
2025-03-05 20:36:17,45.3057,-75.9752
2025-03-05 20:36:19,45.3043,-75.9738
2025-03-05 20:36:21,45.3028,-75.9723
2025-03-05 20:36:24,45.3007,-75.9699
2025-03-05 20:36:30,45.2964,-75.9648
2025-03-05 20:37:56,45.2429,-75.8972
2025-03-05 20:37:57,45.2424,-75.8964
2025-03-05 20:37:58,45.2418,-75.8956
2025-03-05 20:37:59,45.2413,-75.895
2025-03-05 20:38:00,45.2406,-75.8938
2025-03-05 20:38:01,45.2402,-75.893
2025-03-05 20:38:02,45.2397,-75.8921
2025-03-05 20:38:03,45.2392,-75.8911
2025-03-05 20:38:04,45.2387,-75.8902
2025-03-05 20:38:05,45.2383,-75.8892
2025-03-05 20:38:06,45.2379,-75.8881
2025-03-05 20:38:08,45.2373,-75.8864
2025-03-05 20:38:09,45.2369,-75.8848
2025-03-05 20:38:10,45.2367,-75.8842
2025-03-05 20:38:11,45.2364,-75.8828
2025-03-05 20:38:12,45.2363,-75.8816
2025-03-05 20:38:13,45.2361,-75.8802
2025-03-05 20:38:14,45.2359,-75.8792
2025-03-05 20:38:15,45.2359,-75.8781
2025-03-05 20:38:16,45.2358,-75.8767
2025-03-05 20:38:17,45.2358,-75.8753
2025-03-05 20:38:18,45.2358,-75.8741
2025-03-05 20:38:19,45.2358,-75.8728
2025-03-05 20:38:20,45.2359,-75.8715
2025-03-05 20:38:21,45.236,-75.8702
2025-03-05 20:38:23,45.2363,-75.8671
2025-03-05 20:38:26,45.2367,-75.8636
2025-03-05 20:38:29,45.2373,-75.8594
2025-03-05 20:38:48,45.2412,-75.8354
2025-03-05 20:38:52,45.2419,-75.8315
2025-03-05 20:38:52,45.2422,-75.8303
2025-03-05 20:38:53,45.2424,-75.8292
2025-03-05 20:38:54,45.2428,-75.8282
2025-03-05 20:38:55,45.2431,-75.827
2025-03-05 20:38:56,45.2434,-75.8259
2025-03-05 20:38:57,45.2439,-75.8247
2025-03-05 20:38:58,45.2443,-75.8235
2025-03-05 20:39:00,45.2451,-75.8213
2025-03-05 20:39:03,45.2465,-75.818
2025-03-05 20:39:09,45.2494,-75.8115
2025-03-05 20:39:17,45.2536,-75.8028
2025-03-05 20:40:27,45.2829,-75.7385
2025-03-05 20:41:35,45.3051,-75.6894
